SL,CATEGORY,Brand,TYPE/FLAVOUR,ORIGINE,SKU,PACK TYPE,CODE,VERSION,DATE,BARCODE,CYLINDER COMPANY,PRINTING COMPANY,,,,,,,,,
0,CONDIMENTS,MOJO,COLA,COMMON,250ML,CAN,MQC,MQCV02,2024-07-02,89411896 00020,,,,,,,,,,,
0,BEVERAGE,MOJO,COLA,,250ML,PET,MQP,MQPV02,,89411896 00044,,,,,,,,,,,
0,BEVERAGE,MOJO,COLA,,500ML,PET,MHP,MHPV02,,89411896 0006,,,,,,,,,,,
0,BEVERAGE,MOJO,COLA,LOCAL,1000ML,PET,MOP,MOPVN01,,89411896 0007,,,,,,,,,,,
0,BEVERAGE,MOJO,COLA,LOCAL,2000ML,PET,MTP,,,89411896 0008,,,,,,,,,,,
0,BEVERAGE,MOJO ,NAGA,,250ML,CAN,MNQC,,,89411896 0060,,,,,,,,,,,
0,BEVERAGE,MOJO,ZERO,LOCAL,250ML,CAN,MZQC,MZQCVN01,,89411896 00013,,,,,,,,,,,
0,BEVERAGE,CLEMON,LEMON,COMMON,250ML,CAN,CQC,CQCV3,2025-02-16,89411896 00099,,,, ,,,,,,,
0,BEVERAGE,CLEMON,LEMON,,250ML,PET,CQP,CQPV01,,89411896 00112,,,,,,,,,,,
0,BEVERAGE,CLEMON,LEMON,,500ML,PET,CHP,CHPV01,,89411896 00136,,,,,,,,,,,
0,BEVERAGE,CLEMON,LEMON,LOCAL,1000ML,PET,COP,COPVN01,,89411896 00143,,,,,,,,,,,
0,BEVERAGE,CLEMON,LEMON,LOCAL,2000ML,PET,CTP,CTPVN01,,89411896 00150,,,,,,,,,,,
0,BEVERAGE,CLEAR UP,LEMON,LOCAL,250ML,PET,CUQP,CUQPV2,2025-01-23,89411896 00525,PRINTO PACK SYNDICATE ,AFBL FOOD PARK,,,,,,,,,
0,BEVERAGE,CLEAR UP,LEMON,,500ML,PET,CUHP,CULP500V2,2025-01-23,89411896 00532,,,,,,,,,,,
0,DRINKING WATER,SPA,DRINKING WATER,,250ML,PET,SPQP,,,     89411896 0397,,,,,,,,,,,
0,DRINKING WATER,SPA,DRINKING WATER,,330ML,PET,SPSP,,,89411896 0391,,,,,,,,,,,
0,DRINKING WATER,SPA,DRINKING WATER,,500ML,PET,SPHP,,,89411896 03922,,,,,,,,,,,
0,DRINKING WATER,SPA,DRINKING WATER,,1500ML,PET,SPFP,,,89411896 03946,,,,,,,,,,,
0,DRINKING WATER,SPA,DRINKING WATER,,2250ML,PET,SPTP,,,89411896 0395,,,,,,,,,,,
0,DRINKING WATER,SPA,DRINKING WATER,COMMON,5000ML,PET,SPJP,SPJPV1,2024-09-29,89411896 03960,BANGLA-SHANGHAI PLATE MAKING LTD.,AFBL FOOD PARK,,,,,,,,,
0,DRINKING WATER,RIVERA,DRINKING WATER,,500ML,PET,RHP,,,89411896 04028,,,,,,,,,,,
0,DRINKING WATER,RIVERA,DRINKING WATER,LOCAL,1000ML,PET,ROP,ROPVN01,,89411896 04035,,,,,,,,,,,
0,DRINKING WATER,RIVERA,DRINKING WATER,,1500ML,PET,RFP,,,89411896 0404,,,,,,,,,,,
0,DRINKING WATER,RIVERA,DRINKING WATER,,2000ML,PET,RTP,RTPVN01,,89411896 04059,,,,,,,,,,,
0,DRINKING WATER,PH+,DRINKING WATER,,500ML,PET,PHHP,,,89411896 0399,,,,,,,,,,,
0,BEVERAGE,SPEED,CARBONATED,LOCAL,250ML,CAN,SQC,SQC250V3,2024-06-26,89411896 00273,,,,,,,,,,,
0,BEVERAGE,SPEED,CARBONATED,LOCAL,250ML,PET,SQP,SQPLOCV2,2025-03-03,89411896 00266,BANGLA-SHANGHAI PLATE MAKING LTD.,AFBL FOOD PARK,,,,,,,,,
0,BEVERAGE,HOUSTON,CARBONATED,COMMON,250ML,CAN,HQC,HQCV2,2025-01-15,89411896 00570,,,,,,,,,,,
0,BEVERAGE,HOUSTON,CARBONATED,LOCAL,250ML,PET,HQP,HQPV2,2025-01-15,89411896 0058,,AFBL FOOD PARK,,,,,,,,,
0,FRUIT DRINK,FRUTIKA,MANGO FRUIT DRINK (LITTLE),LOCAL,125ML,BRICK,FLT,FLTVN03,2024-04-17,89411896 05766,,,,,,,,,,,
0,FRUIT DRINK,FRUTIKA,MANGO FRUIT DRINK,LOCAL,200ML,BRICK,FQS,FQS,,89411896 05773,,,,,,,,,,,
0,FRUIT DRINK,FRUTIKA,MANGO FRUIT DRINK,LOCAL,250ML,PET,FQP,FQPVN05,,8941189605711,,,,,,,,,,,
0,FRUIT DRINK,FRUTIKA,MANGO FRUIT DRINK,LOCAL,250ML,PRISMA,FQT,FQT,,89411896 0578,,,,,,,,,,,
0,FRUIT DRINK,FRUTIKA,MANGO FRUIT DRINK,LOCAL,500ML,PET,FHP,FHPVN01,,89411896 0572,,,,,,,,,,,
0,FRUIT DRINK,FRUTIKA,MANGO FRUIT DRINK,LOCAL,1000ML,PET,FOP,FOPVN01,,89411896 05735,,,,,,,,,,,
0,FRUIT DRINK,FRUTIKA,RED GRAPE,LOCAL,250ML,PET,FRGQP,FRGQPV1,2024-06-24,89411896 05742,,,,,,,,,,,
0,FRUIT DRINK,FRUTIKA,PULPY ORANGE,LOCAL,250ML,PET,FPOQP,FPOQPVN01,2023-09-03,8941189607715,,,,,,,,,,,
0,BEVERAGE,TWING,ORANGE,,250ML,PET,TQP,TQPV01,,89411896 00181,,,,,,,,,,,
0,BEVERAGE,TWING,ORANGE,LOCAL,500ML,PET,THP,THPV01,,89411896 00204,,,,,,,,,,,
0,BEVERAGE,LEMU,CLOUDY LEMON,COMMON,250ML,CAN,LQC,LQCV01,2024-09-02,    89411896 00235,,,,,,,,,,,
0,BEVERAGE,LEMU,CLOUDY LEMON,LOCAL,250ML,PET,LQP,LQPLOCV2,2025-03-18,89411896 00242,BANGLA-SHANGHAI PLATE MAKING LTD.,AFBL FOOD PARK,,,,,,,,,
0,FRUIT DRINK,AAFI,MANGO FRUIT DRINK,LOCAL,250ML,PET,AMQ,AMQVN01,,89411896 05797,,,,,,,,,,,
0,FRUIT DRINK,AAFI,MANGO FRUIT DRINK,LOCAL,500ML,PET,AMH,,,89411896 05803,,,,,,,,,,,
0,FRUIT DRINK,AAFI,MANGO FRUIT DRINK,LOCAL,1000ML,PET,AMO,,,89411896 05810,,,,,,,,,,,
0,FRUIT DRINK,AAFI,GUAVA,,250ML,PET,EAGDQP,,,,,,,,,,,,,,
0,FRUIT DRINK,AAFI,GUAVA,,200ML,BRICK,,,, ,,,,,,,,,,,
0,FRUIT DRINK,AAFI,LITCHI,,180ML,PET,EALD180,,,,,,,,,,,,,,
0,FRUIT DRINK,AAFI,LITCHI,,250LML,PET,EALQP,,,89411896 0582,,,,,,,,,,,
0,FRUIT DRINK,AAFI,LITCHI,GCC,260ML,PET,EALQPX,EALQPXV1,2024-01-01,89411896 06084,,,,,,,,,,,
0,BEVERAGE,WILD BREW,MALT BEVERAGE,COMMON,250ML,CAN,WQC,WQCV4,2025-04-25,89411896 00402,,,,,,,,,,,
0,SNACKS,CHEESE PUFFS,CHEESE,COMMON,18G,PILLOW,CPS18,CPS17VN00,,89411896 00914,,,,,,,,,,,
0,SNACKS,AAFI,FRUIT BAR MANGO,LOCAL,20G,FOIL,FBML,FBMLVN00,,89411896 0712,,,,,,,,,,,
0,SNACKS,AAFI,CHANACHUR (HOT),LOCAL,30G,PILLOW,ACT,ACJL3V01,2023-11-07,89411896 00822,,,,,,,,,,,
0,SNACKS,AAFI,CHANACHUR (HOT),LOCAL,50G,PILLOW,ACJ60,ACJ50V3,2024-08-01,89411896 00839,BANGLA-SHANGHAI PLATE MAKING LTD.,PREMIAFLEX PLASTICS LTD.,,,,,,,,,
0,SNACKS,AAFI,CHANACHUR (HOT),,80G,PILLOW,ACM,,,89411896 0077,,,,,,,,,,,
0,SNACKS,AAFI,CHANACHUR (HOT),LOCAL,150G,PILLOW,AC150,AC150V2,2024-08-01,89411896 00846,BANGLA-SHANGHAI PLATE MAKING LTD.,PREMIAFLEX PLASTICS LTD.,,,,,,,,,
0,SNACKS,AAFI,CHANACHUR (HOT),LOCAL,300G,PILLOW,ACJ300,ACJ300V2,2024-08-01,89411896 00853,BANGLA-SHANGHAI PLATE MAKING LTD.,PREMIAFLEX PLASTICS LTD.,,,,,,,,,
0,CONDIMENTS,AAFI,MANGO PICKLE,EXPORT,400G,GLASS JAR,EAMHP,EAMHPV02,2024-02-07,89411896 06619,,,,,,,,,,,
0,CONDIMENTS,AAFI, OLIVE PICKLE,EXPORT,400G,GLASS JAR,EAOHP,EAOHPV04,2024-06-11,89411896 06626,,,,,,,,,,,
0,CONDIMENTS,AAFI,GARLIC PICKLE,EXPORT,400G,GLASS JAR,EAGHP,EAGHPV01,,89411896 0664,,,,,,,,,,,
0,CONDIMENTS,AAFI,MIXED PICKLE,EXPORT,400G,GLASS JAR,EAMXHP,EAMXHPV04,2024-06-11,89411896 06664,,,,,,,,,,,
1,GRAINS,AAFI,PUFFED RICE,,200G,PILLOW,EAFRQBX,,,89411896 0307,,,,,,,,,,,
2,GRAINS,AAFI,PUFFED RICE,EXPORT,250G,PILLOW,EAFRQB,EAFRQBV3,2024-01-08,89411896 02819,,,,,,,,,,,
3,GRAINS,AAFI,PUFFED RICE,LOCAL,500G,PILLOW,APRH,APRHV2,2024-10-10,89411896 02826,BANGLA-SHANGHAI PLATE MAKING LTD.,BENGAL PRINTING & PACKAGING,,,,,,,,,
3,CONDIMENTS,HAPPY TIME,STRAWBERRY,,450G,GLASS JAR,HTSJ,HTSJV01,,89411896 06534,,,,,,,,,,,
3,CONDIMENTS,HAPPY TIME,PINEAPPLE,,450G,GLASS JAR,HTPJ,HTPJV01,,89411896 06558,,,,,,,,,,,
3,CONDIMENTS,HAPPY TIME,ORANGE,,450G,GLASS JAR,,HTOJV01,,89411896 06541,,,,,,,,,,,
3,CONDIMENTS,HAPPY TIME,MIXED,,450G,GLASS JAR,,HTMJVO1,,89411896 06565,,,,,,,,,,,
3,CONDIMENTS,HOME MAKERS,MUSTARD OIL,,50ML,PET,HMP50,,,89411896 0385,,,,,,,,,,,
3,CONDIMENTS,HOME MAKERS,MUSTARD OIL,,100ML,PET,HMP100,,,89411896 0386,,,,,,,,,,,
3,CONDIMENTS,HOME MAKERS,MUSTARD OIL,,200ML,PET,HMQP,,,89411896 0382,,,,,,,,,,,
3,CONDIMENTS,HOME MAKERS,MUSTARD OIL,,500ML,PET,HMHP,,,89411896 0383,,,,,,,,,,,
3,CONDIMENTS,HOME MAKERS,MUSTARD OIL,,1000ML,PET,HMOP,,,89411896 0384,,,,,,,,,,,
3,DAIRY,FARM FRESH,GHEE,,100ML,TIN CONTAINER ,FG100,FG100VN02,,89411896 04691,,,,,,,,,,,
3,DAIRY,FARM FRESH,GHEE,,200ML,TIN CONTAINER ,FGQ,FGQVN02,,89411896 04660,,,,,,,,,,,
3,DAIRY,FARM FRESH,GHEE,,450ML,TIN CONTAINER ,FGH,FGHVN02,,89411896 04707,,,,,,,,,,,
3,DAIRY,FARM FRESH,GHEE,,1000G,TIN CONTAINER ,FGB,FGBVN02,,89411896 04684,,,,,,,,,,,
3,DAIRY,FARM FRESH,GHEE,,5KG,TIN CONTAINER ,FG5L,FG5LVN02,,89411896 04653,,,,,,,,,,,
3,DAIRY,SHAKE,KHEER MILKSHAKE,,250ML,PET,SKQP,,,,,,,,,,,,,,
3,DAIRY,SHAKE,VANILA MILKSHAKE,,250ML,PET,SVQP,,,,,,,,,,,,,,
3,DAIRY,SHAKE,CHOCOLATE MILKSHAKE,,250ML,PET,SCQP,,,89411896 0450,,,,,,,,,,,
3,DAIRY,FARM FRESH,UHT ELACHI  FLAVORED MILK,,250ML,PET,FFEQP,,,,,,,,,,,,,,
3,DAIRY,FARM FRESH,UHT CHOCOLATE FLAVORED MILK,,250ML,PET,FCQPT,,,,,,,,,,,,,,
3,DAIRY,FARM FRESH,UHT MANGO FLAVOURED MILK,,250ML,PET,FMQPT,,,,,,,,,,,,,,
3,DAIRY,FARM FRESH,PASTEURIZED FULL CREAM MILK,LOCAL,200ML,POUCH,FPQP,FPQPV03,,89411896 04363,,,,,,,,,,,
3,DAIRY,FARM FRESH,PASTEURIZED FULL CREAM MILK,LOCAL,500ML,POUCH,FPHP,FPHPV03,,89411896 04370,,,,,,,,,,,
3,DAIRY,FARM FRESH,PASTEURIZED FULL CREAM MILK,LOCAL,1000ML,POUCH,FPOP,FPOPV02,,89411896 04387,,,,,,,,,,,
3,DAIRY,FARM FRESH,PASTEURIZED STANDARDIZED MILK,LOCAL,200ML,POLY,FPSQP,FPSQPVN03,,89411896 05094,,,,,,,,,,,
3,DAIRY,FARM FRESH,PASTEURIZED STANDARDIZED MILK,LOCAL,500ML,POLY,FPSHP,FPSHPVN03,,89411896 05117,,,,,,,,,,,
3,DAIRY,FARM FRESH,PASTEURIZED STANDARDIZED MILK,LOCAL,1000ML,POLY,FPSOP,FPSOPVN03,,89411896 05124,,,,,,,,,,,
3,DAIRY,FARM FRESH,UHT MILK,,200ML,UHT POUCH,FFQT,FFQTV04,2024-03-24,89411896 04318,,,,,,,,,,,
3,DAIRY,FARM FRESH,UHT MILK,,500ML,UHT POUCH,FFHT,FFHTV04,2024-03-24,89411896 04325,,,,,,,,,,,
3,DAIRY,FARM FRESH,UHT CHOCOLATE FLAVOURED MILK,,200ML,UHT POUCH,FFCMHQT,FFCMHQTVN03,,89411896 05384,,,,,,,,,,,
3,DAIRY,FARM FRESH,UHT MANGO FLAVOURED MILK,,200ML,UHT POUCH,FFMMHQT,FFMMHQTVN02,,89411896 05377,,,,,,,,,,,
3,FRUIT DRINK,SIPIT,ORANGE SOFT DRINK POWDER,LOCAL,25G,FOIL,SOSP,SOSPFOILV1,2025-02-13,89411896 07418,,,,,,,,,,,
3,FRUIT DRINK,SIPIT,ORANGE SOFT DRINK POWDER,LOCAL,125G,FOIL,SOMP,SOMPFOILV1,2025-02-13,89411896 07425,,,,,,,,,,,
3,FRUIT DRINK,SIPIT,ORANGE SOFT DRINK POWDER,LOCAL,250G,FOIL,SOQP,SOQPFOILV1,2025-02-13,89411896 07432,,,,,,,,,,,
3,FRUIT DRINK,SIPIT,MANGO SOFT DRINK POWDER,LOCAL,25G,FOIL,SMSP,SMSPFOILV1,2025-02-13,89411896 07456,,,,,,,,,,,
3,FRUIT DRINK,SIPIT,MANGO SOFT DRINK POWDER,LOCAL,125G,FOIL,SMMP,SMMPFOILV1,2025-02-13,89411896 07463,,,,,,,,,,,
3,FRUIT DRINK,SIPIT,MANGO SOFT DRINK POWDER,LOCAL,250G,FOIL,SMQP,SMQPFOILV1,2025-02-13,89411896 07470,,,,,,,,,,,
3,CONDIMENTS,AAFI,CULINARY TOMATO SAUCE,,10G,CHASE,,,,,,,,,,,,,,,
3,CONDIMENTS,AAFI,CULINARY TOMATO SAUCE,,200G,POUCH,,,,,,,,,,,,,,,
3,CONDIMENTS,AAFI,CULINARY TOMATO SAUCE,,340G,GLASS BOTTLE,,,,,,,,,,,,,,,
3,CONDIMENTS,AAFI,CULINARY TOMATO SAUCE,,1000G,GLASS BOTTLE,,,,,,,,,,,,,,,
3,BAKERY,AAFI,PLAIN TOAST,LOCAL,250G,PILLOW,,APTLOC250V02,2023-10-18,89411896 01973,,,,,,,,,,,
3,BAKERY,AAFI,PLAIN TOAST,,150G,PILLOW,EAPTSB,EAPTSBV01,,89411896 01966,,,,,,,,,,,
3,BAKERY,AAFI,SWEET TOAST,,300G,PILLOW,EASTFB,EASTFBV01,,89411896 0201,,,,,,,,,,,
3,BAKERY,AAFI,SWEET TOAST,,150G,PILLOW,EASTSB,EASTSBV01,,89411896 0200,,,,,,,,,,,
3,BAKERY,AAFI,BABY TOAST,LOCAL,200G,PILLOW,,ABTLOC200V01,2023-10-18,89411896 01997,,,,,,,,,,,
3,BAKERY,AAFI,BABY TOAST,,150G,PILLOW,EABTSB,EABTSBV01,,89411896 0198,,,,,,,,,,,
3,BAKERY,AAFI,DRY CAKE,LOCAL,300G,BOX,,ADCLOC300V01,2023-10-16,89411896 02031,,,,,,,,,,,
3,BAKERY,AAFI,DRY CAKE,LOCAL,200G,BOX,,ADCLOC200V01,2023-10-16,89411896 02048,,,,,,,,,,,
4,GRAINS,AAFI,CHINIGURA AEROMETIC RICE,,1000G,POUCH,ERICEO,,,,,,,,,,,,,,
5,GRAINS,AAFI,CHINIGURA AEROMETIC RICE,,5000G,POUCH,ERICEF,,,,,,,,,,,,,,
6,GRAINS,AAFI,CHINIGURA AEROMETIC RICE,,4500G,POUCH,,,,,,,,,,,,,,,
6,BEVERAGE,WILD BREW,APPLE,COMMON,300ML,FAT CAN,,WBAM33V1,2024-07-09,89411896 00679,,,,,,,,,,,
6,BEVERAGE,WILD BREW,ORIGINAL,COMMON,300ML,FAT CAN,,WOSCV00,,89411896 0068,,,,,,,,,,,
6,BEVERAGE,WILD BREW,PEACH,COMMON,300ML,FAT CAN,,WPSCV00,,89411896 0069,,,,,,,,,,,
6,BEVERAGE,WILD BREW,STRAWBERRY,COMMON,300ML,FAT CAN,,WSSCV00,,89411896 0070,,,,,,,,,,,
6,BEVERAGE,SPEED,GINGER,COMMON,250ML,CAN,,SG25V3,2025-02-16,89411896 00716,,,,,,,,,,,
6,BEVERAGE,SPEED,GREEN APPLE,COMMON,250ML,CAN,,SGA25V3,2025-02-16,89411896 00723,,,,,,,,,,,
6,BEVERAGE,SPEED,GUARANA,LOCAL,250ML,CAN,,SGRQCV00,,89411896 0073,,,,,,,,,,,
6,BEVERAGE,SPEED,MOJITO,COMMON,250ML,CAN,,SM25V01,,89411896 0074,,,,,,,,,,,
6,FRUIT DRINK,FRUTIKA,MANGO FRUIT DRINK,EXPORT ,250ML,PET,FQP,FQPECNV01,,89411896 05711,,,,,,,,,,,
6,FRUIT DRINK,FRUTIKA,MANGO FRUIT DRINK,EXPORT ,500ML,PET,FHP,FHPECNV01,,89411896 05728,,,,,,,,,,,
6,FRUIT DRINK,FRUTIKA,MANGO FRUIT DRINK,EXPORT ,1000ML,PET,FOP,FOPECNV01,,89411896 05735,,,,,,,,,,,
6,FRUIT DRINK,FRUTIKA,MANGO FRUIT DRINK (PULP BASED),INDIA,200ML,PET,EFSP,FSPEINV01,,89411896 06091,,,,,,,,,,,
6,BEVERAGE,MOJO,COLA,CP OFFER,250ML,PET,,MQPCPV02,,89411896 00044,,,,,,,,,,,
6,BEVERAGE,MOJO ,COLA,CP OFFER,2000ML,PET,,MTPCPV03,,89411896 0008,,,,,,,,,,,
6,BEVERAGE,MOJO,COLA,CP OFFER,1000ML,PET,,MOPCPV03,,89411896 0007,,,,,,,,,,,
6,BEVERAGE,CLEMON,LEMON,CP OFFER,1000ML,PET,,COPCPV06,2023-08-27,89411896 00143,,,,,,,,,,,
6,BEVERAGE,CLEMON,LEMON,CP OFFER,2000ML,PET,,CTPCPV06,,89411896 00150,,,,,,,,,,,
6,DAIRY,FARM FRESH,SWEETENED YOGURT (CURD),LOCAL,75G,CLUSTER,FYSW-80/8,FYSW-75/8V01,,89411896 0485,,,,,,,,,,,
6,DAIRY,FARM FRESH,SWEETENED YOGURT (CURD),LOCAL,75G,CUP,,FYSW-75CUPV01,,89411896 0483,,,,,,,,,,,
6,DAIRY,FARM FRESH,SWEETENED YOGURT (CURD),LOCAL,100G,CUP,FYSMC,FYSMCV3,2024-05-07,89411896 04714,,,,,,,,,,,
6,BEVERAGE,FORCE,ENERGY DRINK,INDIA,250ML,CAN,EFQC24,EFQC24V2,2024-12-01,89411896 0031,,,,,,,,,,,
6,FRUIT DRINK,DRINKEAT,PINEAPPLE,LOCAL,250ML,PET,DEP250,DEP250V2,2024-06-20,89411896 06152,,,,,,,,,,,
6,FRUIT DRINK,DRINKEAT,LITCHI,LOCAL,250ML,PET,DEL250,DEL250V2,2024-06-20,89411896 06121,,,,,,,,,,,
7,GRAINS,AAFI,PUFFED RICE,EXPORT,200G,PILLOW,EAFRQBX,EAFRQBXV3,2024-01-08,89411896 03076,,,,,,,,,,,
8,GRAINS,AAFI,PUFFED RICE,EXPORT,400G,PILLOW,EAFRHBX,EAFRHBXV3,2024-01-08,89411896 03069,,,,,,,,,,,
9,GRAINS,AAFI,PUFFED RICE,EXPORT,500G,PILLOW,EAFRHB,EAFRHBV3,2024-01-08,89411896 02826,,,,,,,,,,,
9,DAIRY,FARM FRESH,SWEETENED YOGURT (CURD),LOCAL,40G,CUP,FFYSW48,FFYSW40V1,,89411896 04776,,,,,,,,,,,
9,DAIRY,FARM FRESH,SWEETENED YOGURT (CURD),LOCAL,40G,CLUSTER,FYSW-50/8,FYSW40X8V1,,89411896 04790,,,,,,,,,,,
9,DAIRY,FARM FRESH,POWDER MILK,LOCAL,18G,PILLOW,FFIPMT,FFIPMTV01,,89411896 0540,,,,,,,,,,,
9,DAIRY,FARM FRESH,POWDER MILK,LOCAL,50G,PILLOW,FFIPMS,FFIPMSV01,,89411896 0489,,,,,,,,,,,
9,DRINKING WATER,SPA,SODA LIME,LOCAL,500ML,PET,,SPSL5V00,,89411896 0398,,,,,,,,,,,
9,DRINKING WATER,SPA,SODA WATER,LOCAL,500ML,PET,,SPSW5V00,,89411896 0400,,,,,,,,,,,
9,DAIRY,FARM FRESH,POWDER MILK,LOCAL,100G,PILLOW,FFIPM100,FFIPM100V01,,89411896 0490,,,,,,,,,,,
9,DAIRY,FARM FRESH,POWDER MILK,LOCAL,200G,PILLOW,FFIPMQ,FFIPMQV01,,89411896 0491,,,,,,,,,,,
9,DAIRY,FARM FRESH,POWDER MILK,COMMON,400G,PILLOW,FFIPM400,FFIPM400PV01,,89411896 0492,,,,,,,,,,,
9,DAIRY,FARM FRESH,POWDER MILK,LOCAL,400G,BOX,FFIPM400,FFIPM400V2,2024-05-28,89411896 0492,,,,,,,,,,,
9,DAIRY,FARM FRESH,POWDER MILK,LOCAL,500G,PILLOW,FFIPMH,FFIPMHV01,,89411896 04936,,,,,,,,,,,
9,DAIRY,FARM FRESH,POWDER MILK,LOCAL,1000G,PILLOW,FFIPMO,FFIPMOV2,2024-07-04,89411896 04967,BANGLA-SHANGHAI PLATE MAKING LTD.,TAMPACO FOILS LTD,,,,,,,,,
9,DAIRY,DAILY MILK,POWDER MILK,LOCAL,13G,PILLOW,DMP15,DMP15V01,,89411896 0524,,,,,,,,,,,
9,DAIRY,DAILY MILK,POWDER MILK,LOCAL,250G,PILLOW,DMP250,DMP250V01,2025-03-03,89411896 05254,,,,,,,,,,,
9,DAIRY,DAILY MILK,POWDER MILK,COMMON,400G,PILLOW,DMP400,DMP400PV01,,89411896 0526,,,,,,,,,,,
9,DAIRY,DAILY MILK,POWDER MILK,LOCAL,400G,BOX,DMP400,DMP400V01,,89411896 0526,,,,,,,,,,,
9,DAIRY,DAILY MILK,POWDER MILK,LOCAL,500G,PILLOW,DMP500,DMP500V02,,89411896 0527,,,,,,,,,,,
9,DAIRY,DAILY MILK,POWDER MILK,LOCAL,1000G,PILLOW,DMP1000,DMP1000V2,2024-09-15,89411896 05414,,,,,,,,,,,
9,DAIRY,DAILY MILK,POWDER MILK,LOCAL,2000G,PILLOW,DMP2000,DMP2000V2,2024-09-15,89411896 05421,,,,,,,,,,,
9,DAIRY,DAILY MILK,POWDER MILK,LOCAL,25000G,BAG,DMP25KG,DMP25KV00,,89411896 05438,,,,,,,,,,,
9,DAIRY,MILK LAND,POWDER MILK,LOCAL,200G,PILLOW,MLP200,MLP200V01,,89411896 0528,,,,,,,,,,,
9,DAIRY,MILK LAND,POWDER MILK,LOCAL,500G,PILLOW,MLP500,MLP500V01,,89411896 0529,,,,,,,,,,,
9,DAIRY,FARM FRESH,MANGO YOGURT (CURD),LOCAL,50G,CUP,FYM-50/4,FYM-50/4V00,,89411896 0544,,,,,,,,,,,
9,DAIRY,FARM FRESH,MANGO YOGURT (CURD),LOCAL,50G,CLUSTER,FYM-50/8,FYM-50/8V00,,89411896 0545,,,,,,,,,,,
9,DAIRY,FARM FRESH,MANGO YOGURT (CURD),LOCAL,75G,CUP,FYM-80/4,FYM-80/4V00,,89411896 0546,,,,,,,,,,,
9,DAIRY,FARM FRESH,MANGO YOGURT (CURD),LOCAL,75G,CLUSTER,FYM-80/8,FYM-80/8V00,,89411896 0547,,,,,,,,,,,
9,DAIRY,FARM FRESH,STRAWBERRY YOGURT (CURD),LOCAL,50G,CUP,FYSt-50/4,FYSt-50/4V00,,89411896 0530,,,,,,,,,,,
9,DAIRY,FARM FRESH,STRAWBERRY YOGURT (CURD),LOCAL,50G,CLUSTER,FYSt-50/8,FYSt-50/8V00,,89411896 0531,,,,,,,,,,,
9,DAIRY,FARM FRESH,STRAWBERRY YOGURT (CURD),LOCAL,75G,CUP,FYSt-80/4,FYSt-80/4V00,,89411896 0532,,,,,,,,,,,
9,DAIRY,FARM FRESH,STRAWBERRY YOGURT (CURD),LOCAL,75G,CLUSTER,FYSt-80/8,FYSt-80/8V00,,89411896 0533,,,,,,,,,,,
9,DRINKING WATER,AKIJ,DRINK WATER,LOCAL,500ML,PET,,APDW5V00,,89411896 0308,,,,,,,,,,,
9,BAKERY,AAFI,SWEET TOAST,INDIA,320G,PILLOW,,ASTIND320V00,,89411896 0201,,,,,,,,,,,
9,BAKERY,AAFI,SWEET TOAST,INDIA,200G,PILLOW,,ASTIND200V00,,89411896 0195,,,,,,,,,,,
9,BAKERY,AAFI,SWEET TOAST,INDIA,120G,PILLOW,,ASRIND120V00,,89411896 0200,,,,,,,,,,,
9,BAKERY,AAFI,BABY TOAST,INDIA,120G,PILLOW,,ABRIND120V00,,89411896 0198,,,,,,,,,,,
9,BAKERY,AAFI,DRY CAKE,INDIA,120G,BOX,,ADCIND120V01,,89411896 02024,,,,,,,,,,,
9,SNACKS,AAFI,MANGO BAR,LOCAL,15G,FOIL,AMB,AMBF15V01,,89411896 07111,,,,,,,,,,,
9,SNACKS,AAFI,Mango Bar (Paper Box/Ploy),COMMON,15G,POLY,,AMBP15V01,,89411896 0713,,,,,,,,,,,
9,SNACKS,AAFI,MANGO BAR (JAR),LOCAL,15G,PLASTIC JAR,AMBJ,AMBJ15V01,,89411896 07142,,,,,,,,,,,
9,SNACKS,AAFI,Mango Bar (Foil),LOCAL,10G,FOIL,,AMBF10V01,,89411896 0770,,,,,,,,,,,
9,SNACKS,AAFI,Mango Bar (Paper Box/Ploy),COMMON,10G,POLY,,AMBP1V01,,89411896 0772,,,,,,,,,,,
9,SNACKS,AAFI,Mango Bar (Jar),LOCAL,10G,PLASTIC JAR,AMBJS,AMBJSV01,,89411896 0773,,,,,,,,,,,
9,BAKERY,AAFI,SWEET TOAST,LOCAL,250G,PILLOW,,ASTLOC250V00,,89411896 0201,,,,,,,,,,,
9,BAKERY,AAFI,GHEE TOAST,LOCAL,250G,PILLOW,,AGTLOC250V00,,89411896 0194,,,,,,,,,,,
9,BAKERY,AAFI,DRY CAKE,LOCAL,300G,FOIL,,ADCLOC300FOILV1,2024-02-05,89411896 0203,,,,,,,,,,,
9,BAKERY,AAFI,DRY CAKE,INDIA,120G,FOIL,,ADRIND120FOILV00,,89411896 0202,,,,,,,,,,,
9,BAKERY,AAFI,DRY CAKE,LOCAL,200G,FOIL,,ADCLOC200FOILV1,2024-10-15,89411896 0204,BANGLA-SHANGHAI PLATE MAKING LTD.,ARBAB PACK LIMITED,,,,,,,,,
9,CONDIMENTS,AAFI,MANGO PICKLE,LOCAL,400G,GLASS JAR,AMHP,AMHPV2,2024-09-30,89411896 06619,,,,,,,,,,,
9,CONDIMENTS,AAFI,OLIVE PICKLE,LOCAL,400G,GLASS JAR,AOHP,AOHPV1,2024-09-30,89411896 06626,,,,,,,,,,,
9,CONDIMENTS,AAFI,GARLIC PICKLE,LOCAL,400G,GLASS JAR,,,,89411896 06640,,,,,,,,,,,
9,CONDIMENTS,AAFI,MIXED PICKLE,LOCAL,400G,GLASS JAR,,APICMIX4V2,2024-09-30,89411896 06664,,,,,,,,,,,
9,DAIRY,FARM FRESH,BUTTER,LOCAL,50G,BOX,FBM,FBMVN01,,89411896 04639,,,,,,,,,,,
9,DAIRY,FARM FRESH,BUTTER,LOCAL,200G,BOX,FBQ,FBQVN02,,89411896 04646,,,,,,,,,,,
9,BEVERAGE,CLEMON,LEMON,CP OFFER,250ML,PET,,CQPCPV04,2023-10-19,89411896 00112,,,,,,,,,,,
9,BEVERAGE,CLEMON,LEMON,CP OFFER,500ML,PET,,CHPCPV03,2023-08-27,89411896 00136,,,,,,,,,,,
9,DAIRY,FARM FRESH,PASTEURIZED TONED MILK,LOCAL,200ML,POLY,FPTQP,FPTQPVN03,,89411896 04417,,,,,,,,,,,
9,DAIRY,FARM FRESH,PASTEURIZED TONED MILK,LOCAL,500ML,POLY,FPTHP,FPTHPVN03,,89411896 04431,,,,,,,,,,,
9,DAIRY,FARM FRESH,PASTEURIZED TONED MILK,LOCAL,1000ML,POLY,FPTOP,FPTOPVN03,,89411896 04400,,,,,,,,,,,
9,DAIRY,FARM FRESH,PASTEURIZED LOW FAT MILK,LOCAL,200ML,POLY,,FPLFMQVN01,,89411896 0439,,,,,,,,,,,
9,DAIRY,FARM FRESH,PASTEURIZED LOW FAT MILK,LOCAL,500ML,POLY,FPHPLF,FPHPLFVN01,,89411896 0457,,,,,,,,,,,
9,DAIRY,FARM FRESH,PASTEURIZED LOW FAT MILK,LOCAL,1000ML,POLY,,FPLFMOVN01,,89411896 0458,,,,,,,,,,,
9,BEVERAGE,VEROS,SODA WATER,LOCAL,500ML,PET,,VESOWAL5V00,,89411896 0075,,,,,,,,,,,
9,BEVERAGE,SPEED,CARBONATED,EXPORT,250ML,PET,ESQP,ESQPCOMVN02,,89411896 00266,,,,,,,,,,,
9,BEVERAGE,SPEED,CARBONATED,EXPORT,250ML,CAN,ESQC,ESQCCOMVN02,2023-11-06,89411896 00273,,,,,,,,,,,
9,BEVERAGE,SPEED X,CARBONATED,EXPORT,250ML,PET,ESXQP,ESXQPV4,2024-05-13,8941189600334,,,,,,,,,,,
9,BEVERAGE,SPEED X,CARBONATED,EXPORT,250ML,CAN,ESXQC,ESXQCV2,2024-05-13,89411896 00617,,,,,,,,,,,
9,FRUIT DRINK,AAFI,TAMARIND FRUIT DRINK,EXPORT,250ML,PET,EATJQP,EATJQPVN01,,89411896 0614,,,,,,,,,,,
9,FRUIT DRINK,AAFI,LITCHI FRUIT DRINK,EXPORT,180ML,PET,EALD180,EALD180VN01,,89411896 0613,,,,,,,,,,,
9,CONDIMENTS,AAFI,GREEN MANGO CHUTNEY ,LOCAL,15G,POLY,,AGMCL15V2,2025-01-01,89411896 03038,BANGLA-SHANGHAI PLATE MAKING LTD.,AFBL FOOD PARK,,,,,,,,,
9,CONDIMENTS,AAFI,OLIVE CHUTNEY ,LOCAL,15G,POLY,,AOCL15V2,2025-01-01,89411896 03045,BANGLA-SHANGHAI PLATE MAKING LTD.,AFBL FOOD PARK,,,,,,,,,
9,CONDIMENTS,AAFI,TAMARIND CHUTNEY ,LOCAL,15G,POLY,,ATCL15V2,2025-01-01,89411896 03052,BANGLA-SHANGHAI PLATE MAKING LTD.,AFBL FOOD PARK,,,,,,,,,
9,BEVERAGE,MOJO,ZERO,LOCAL,250ML,PET,,MZQPETV01,,89411896 00037,,,,,,,,,,,
9,FRUIT DRINK,AKIJ,MANGO FRUIT DRINK,LOCAL,250ML,PET,,AMFPET250V02,2023-11-13,89411896 05605,,,,,,,,,,,
9,DAIRY,FARM FRESH,UHT MILK,LOCAL,500ML,COMBIFIT,FFSB500,FFSB500V1,2024-04-02,89411896 04424,,,,,,,,,,,
9,DAIRY,FARM FRESH,UHT MILK,LOCAL,750ML,COMBIFIT,FFSB750,FFSB750V1,2024-04-02,89411896 04455,,,,,,,,,,,
9,DAIRY,FARM FRESH,UHT MILK,LOCAL,1000ML,COMBIFIT,FFSB1L,FFSB1LV1,2024-04-02,89411896 04615,,,,,,,,,,,
9,SNACKS,AAFI,DAL BHAJA (HOT & SPICY),LOCAL,25G,POUCH,,ASNDHSVNOO,,89411896 01126,,,,,,,,,,,
9,SNACKS,AAFI,DAL BHAJA (CLASSIC MASALA),LOCAL,25G,POUCH,,ASNDCM25VN00,,89411896 01133,,,,,,,,,,,
9,SNACKS,AAFI,JHAL MURI,LOCAL,25G,POUCH,,SNAJML25GPVN00,,89411896 0114,,,,,,,,,,,
9,SNACKS,AAFI,FRIED GREEN PEAS (MOTOR BHAJA),LOCAL,12G,PILLOW,,SNAFGPLP12V1,2023-11-06,89411896 01157,,,,,,,,,,,
10,GRAINS,AKIJ,PUFFED RICE,LOCAL,250G,POUCH,,AKJPUFRIC25V1,2024-12-04,89411896 03090,,,,,,,,,,,
10,CONDIMENTS,AKIJ,RED LENTIL,COMMON,1000G,POUCH,,AKRL1KV0,2024-03-31,89411896 03113,,,,,,,,,,,
11,GRAINS,AKIJ,PUFFED RICE,LOCAL,500G,POUCH,,AKJPUFRIC50V1,2024-12-04,89411896 03106,,,,,,,,,,,
11,DAIRY,FARM FRESH,SOUR YOGHURT,LOCAL,500G,CONTAINER ,FYUHB,FYUHBV2,2024-09-24,89411896 04752,,,,,,,,,,,
11,DAIRY,FARM FRESH,SWEETENED YOGURT (CURD),LOCAL,500G,CONTAINER ,FYSHB,FYSHBVN02,2024-05-08,89411896 04721,,,,,,,,,,,
11,SNACKS,CHEESE PUFFS,CHEESE,EXPORT,18G,PILLOW,,CPSEXPCOMV1,2024-09-16,89411896 00914,BANGLA-SHANGHAI PLATE MAKING LTD.,AFBL FOOD PARK,,,,,,,,,
11,BAKERY,AAFI,DRY CAKE,EXPORT,300G,BOX,,ADCEXP300V2,2024-09-16,89411896 02031,,,,,,,,,,,
11,SNACKS,AAFI,CHANACHUR (BBQ),,35G,PILLOW,,,,89411896 0105,,,,,,,,,,,
11,SNACKS,AAFI,CHANACHUR (BBQ),LOCAL,50G,PILLOW,,ACB50V04,2024-10-06,89411896 01065,BANGLA-SHANGHAI PLATE MAKING LTD.,AFBL FOOD PARK,,,,,,,,,
11,SNACKS,AAFI,CHANACHUR (BBQ),,80G,PILLOW,,,,89411896 0107,,,,,,,,,,,
11,SNACKS,AAFI,CHANACHUR (BBQ),LOCAL,150G,PILLOW,ACB150,ACB150V3,2024-10-06,89411896 01089,BANGLA-SHANGHAI PLATE MAKING LTD.,AFBL FOOD PARK,,,,,,,,,
11,SNACKS,AAFI,CHANACHUR (BBQ),LOCAL,300G,PILLOW,ACB300,ACB300V3,2024-10-06,89411896 01096,BANGLA-SHANGHAI PLATE MAKING LTD.,AFBL FOOD PARK,,,,,,,,,
11,SNACKS,AAFI,CHANACHUR (BBQ),,500G,PILLOW,,,,89411896 0110,,,,,,,,,,,
11,SNACKS,AAFI,CHANACHUR (BBQ),,30G,PILLOW,ACB30,,,89411896 01119,,,,,,,,,,,
11,DAIRY,YAMMY,LASSI,LOCAL,200ML,PET,YLP200,YLP200VN00,,89411896 05193,,,,,,,,,,,
11,FRUIT DRINK,AAFI,MANGO FRUIT DRINK,INDIA,240ML,PET,,AMFIND240VN00,,89411899 0617,,,,,,,,,,,
11,DAIRY,MILK LAND,POWDER MILK,LOCAL,1000G,PILLOW,,MLP1000V00,,89411896 0467,,,,,,,,,,,
11,CONDIMENTS,AKIJ,WHITE SUGAR,LOCAL,500G,PILLOW,,AKIJWS5GLV0,2025-02-04,89411896 03120,,,,,,,,,,,
11,CONDIMENTS,AKIJ,WHITE SUGAR,LOCAL,1000G,PILLOW,,AKIJWS1KLV0,2025-02-04,89411896 03144,,,,,,,,,,,
11,CONDIMENTS,AKIJ,WHITE SUGAR,LOCAL,2000G,PILLOW,,AKIJWS2KLV0,2025-02-04,89411896 03151,,,,,,,,,,,
11,CONDIMENTS,AKIJ,RED LENTIL ,COMMON,500G,POUCH,,AKRL500GV0,2024-03-31,89411896 03137,,,,,,,,,,,
11,DAIRY,FARM FRESH,PASTEURIZED FULL CREAM MILK,LOCAL,200ML,POUCH,FPQP,FPQPNM2V2,2023-11-08,89411896 04363,,,,,,,,,,,
11,DAIRY,FARM FRESH,PASTEURIZED FULL CREAM MILK,LOCAL,500ML,POUCH,FPHP,FPHPNM5V2,2024-02-08,89411896 04370,,,,,,,,,,,
11,DAIRY,FARM FRESH,PASTEURIZED FULL CREAM MILK,LOCAL,1000ML,POUCH,FPOP,FPOPECMV3,2024-12-08,89411896 04387,,,,,,,,,,,
11,DAIRY,FARM FRESH,PASTEURIZED STANDARDIZED MILK,LOCAL,200ML,POUCH,,FPSQPNM2V3,2025-02-23,89411896 05094,,,,,,,,,,,
11,DAIRY,FARM FRESH,PASTEURIZED STANDARDIZED MILK,LOCAL,500ML,POUCH,,FPSHPNM5V3,2025-02-23,89411896 05117,,,,,,,,,,,
11,DAIRY,FARM FRESH,PASTEURIZED STANDARDIZED MILK,LOCAL,1000ML,POUCH,,FPSOPNM1LV3,2025-02-23,89411896 05124,,,,,,,,,,,
11,DAIRY,FARM FRESH,PASTEURIZED TONED MILK,LOCAL,200ML,POUCH,,FPTQPNMECVN2,2024-02-08,89411896 04417,,,,,,,,,,,
11,DAIRY,FARM FRESH,PASTEURIZED TONED MILK,LOCAL,500ML,POUCH,,FPTHPNMECVN2,2024-02-08,89411896 04431,,,,,,,,,,,
11,CONDIMENTS,AKIJ,SEMOLINA (SUJI),LOCAL,200G,POUCH,,ACONSEL200V0,2024-04-22,89411896 0316,,,,,,,,,,,
11,CONDIMENTS,AKIJ,SEMOLINA (SUJI),LOCAL,500G,POUCH,,ACONSEL500V0,2024-04-22,89411896 0317,,,,,,,,,,,
11,SNACKS,AAFI,CHANACHUR (HOT),EXPORT,35G,PILLOW,EACT,EACTEXP35V1,2024-10-06,89411896 00822,BANGLA-SHANGHAI PLATE MAKING LTD.,PREMIAFLEX PLASTICS LTD.,,,,,,,,,
11,SNACKS,AAFI,CHANACHUR (HOT),EXPORT,80G,PILLOW,EACMY,EACMYEX80V1,2024-10-06,89411896 00839,BANGLA-SHANGHAI PLATE MAKING LTD.,PREMIAFLEX PLASTICS LTD.,,,,,,,,,
11,SNACKS,AAFI,CHANACHUR (HOT),EXPORT,150G,PILLOW,EACJS,EACJSCOMMV1,2024-10-06,89411896 00846,BANGLA-SHANGHAI PLATE MAKING LTD.,PREMIAFLEX PLASTICS LTD.,,,,,,,,,
11,SNACKS,AAFI,CHANACHUR (HOT),EXPORT,300G,PILLOW,EACJF,EACJFEXP300V2,2024-10-06,89411896 00853,BANGLA-SHANGHAI PLATE MAKING LTD.,PREMIAFLEX PLASTICS LTD.,,,,,,,,,
11,SNACKS,AAFI,CHANACHUR (CLASSIC),EXPORT,35G,PILLOW,,ASNCCEX35VN01,,89411896 0089,,,,,,,,,,,
11,SNACKS,AAFI,CHANACHUR (CLASSIC),EXPORT,80G,PILLOW,,ASNCCEX80VN01,,89411896 0079,,,,,,,,,,,
11,SNACKS,AAFI,CHANACHUR (CLASSIC),EXPORT,150G,PILLOW,,ASNCCEX150VN01,,89411896 0080,,,,,,,,,,,
11,SNACKS,AAFI,CHANACHUR (CLASSIC),EXPORT,300G,PILLOW,,ASNCCEX300VN01,,89411896 0081,,,,,,,,,,,
11,DAIRY,FARM FRESH,UHT MILK,LOCAL,1000ML,UHT POUCH,,FPOPUHTV01,2023-11-23,89411896 04387,,,,,,,,,,,
11,DAIRY,FARM FRESH,PASTEURIZED TONED MILK,LOCAL,1000ML,POUCH,,FPTOPUHTVN2,2024-02-08,89411896 04400,,,,,,,,,,,
11,FRUIT DRINK,AAFI,NIMBU PANI,INDIA,180ML,PET,,ANPIN180VN00,,89411896 0062,,,,,,,,,,,
11,FRUIT DRINK,AAFI,NIMBU PANI,INDIA,160ML,PET,,ANPIN160VN00,,89411896 0062,,,,,,,,,,,
11,FRUIT DRINK,AAFI,LITCHI FRUIT DRINK,INDIA,160ML,PET,,EALD160VN00,,89411896 0610,,,,,,,,,,,
11,BAKERY,AAFI,SWEET TOAST,GCC,300G,PILLOW,,ASTGCC300V00,,89411896 0201,,,,,,,,,,,
11,FRUIT DRINK,AAFI,LITCHI FRUIT DRINK,INDIA,180ML,PET,,,,89411896 0610,,,,,,,,,,,
11,BEVERAGE,SPEED,ZERO CAFFEINE,COMMON,250ML,CAN,,BESPZCCCVN00,,89411534 0041,,,,,,,,,,,
11,BEVERAGE,SPEED,ZERO SUGAR,COMMON,250ML,CAN,,BESPZSCCVN00,,89411534 0040,,,,,,,,,,,
11,BEVERAGE,CLEMON,ZERO,LOCAL,250ML,CAN,,CLZE25V3,2025-02-03,89411534 00434,,,,,,,,,,,
11,BAKERY,AAFI,DRY CAKE,EUROPE,300G,BOX,,ADCEUR300V2,2024-09-16,89411896 02031,,,,,,,,,,,
11,SNACKS,AAFI,MANGO BAR (JAR),LOCAL,6G,PLASTIC JAR,,AMBLJ6V02,2024-10-13,89411896 07739,,,,,,,,,,,
11,SNACKS,AAFI,MANGO BAR (PAPER BOX/POLY),COMMON,6G,POLY,,AMBLP6V02,2024-10-13,89411896 07722,,,,,,,,,,,
11,SNACKS,AAFI,MANGO BAR (FOIL),LOCAL,6G,FOIL,,AMBLF6V03,2024-10-13,89411896 07708,,,,,,,,,,,
11,BAKERY,AAFI,BABY TOAST,GCC,300G,PILLOW,,ABRGCC300V00,,89411896 0205,,,,,,,,,,,
11,FRUIT DRINK,AAFI,LITCHI FRUIT DRINK,INDIA,165ML,PET,EALD165,EALD165V2,2024-10-14,89411896 06107,BANGLA-SHANGHAI PLATE MAKING LTD.,AFBL FOOD PARK,,,,,,,,,
11,FRUIT DRINK,AAFI,NIMBU PANI,INDIA,165ML,PET,,ANPIN165V1,2024-05-01,89411896 00624,,,,,,,,,,,
11,FRUIT DRINK,FRUTIKA,RED GRAPE,LOCAL,1000ML,PET,,FREDG10VN01,,89411896 05575,,,,,,,,,,,
11,FRUIT DRINK,FRUTIKA,MANGO FRUIT DRINK,LOCAL,180ML,BRICK,,FQS18VN01,,89411896 05773,,,,,,,,,,,
11,FRUIT DRINK,FRUTIKA,MANGO FRUIT DRINK,LOCAL,200ML,PET,FSP,FSPVN02,,89411896 06091,,,,,,,,,,,
11,BEVERAGE,CLEMON,MOJITO,COMMON,300ML,CAN,CMC330,CMC330V2,2024-09-26,89411896 00105,,,,,,,,,,,
11,BEVERAGE,CLEMON,MOJITO,COMMON,250ML,CAN,CMQC,CMQCV2,2024-09-26,89411896 00662,,,,,,,,,,,
11,SNACKS,AAFI,DAL BHAJA (HOT & SPICY),LOCAL,13G,POUCH,,ASNDHS13VNOO,,89411896 01164,,,,,,,,,,,
11,SNACKS,AAFI,DAL BHAJA (CLASSIC MASALA),LOCAL,13G,POUCH,,ASNDCM13VNOO,,89411896 01171,,,,,,,,,,,
11,FRUIT DRINK,AKIJ,MANGO FRUIT DRINK,LOCAL,180ML,PET,,AMFPET180V01,2023-11-13,89411896 05612,,,,,,,,,,,
11,FRUIT DRINK,FRUTIKA,RED GRAPE,LOCAL,200ML,PET,,FRG20VN00,,89411896 05568,,,,,,,,,,,
12,GRAINS,AKIJ,CHINIGURA AEROMETIC RICE,LOCAL,40KG,BAG,,AARL1KV01,2023-11-06,89411896 08781,,ANNAN PACK LIMITED,,,,,,,,,
12,CONDIMENTS,AKIJ,GRAM FLOUR,LOCAL,500G,PILLOW,,AGFL5FV0,2025-01-20,89411896 03397,,,,,,,,,,,
12,DAIRY,DAILY MILK,UHT MILK,LOCAL,200ML,PILLOW,,DMUHT2VN00,,89411896 0486,,,,,,,,,,,
12,DAIRY,FARM FRESH,CHOCOLATE FLAVORED MILK (UHT PROCESSED),LOCAL,200ML,PILLOW,,FCQPUHTPVN00,,89411896 04479,,,,,,,,,,,
13,GRAINS,AKIJ,CHINIGURA AEROMETIC RICE,LOCAL,2000G,POUCH,,AARL2KV01,2023-11-06,89411896 0338,,,,,,,,,,,
13,DAIRY,FARM FRESH,MANGO FLAVORED MILK (UHT PROCESSED),LOCAL,200ML,PILLOW,,FMQPUHTPVN01,,89411896 04462,,,,,,,,,,,
13,FRUIT DRINK,FRUTIKA,MANGO FRUIT DRINK (LITTLE),EXPORT,125ML,BRICK,,FLTEXP125VN01,,89411896 05766,,,,,,,,,,,
13,DRINKING WATER,SPA,DRINKING WATER,CO-BRANDING,500ML,PET,,SPCOSKSI5VN00,,89411896 03922,,,,,,,,,,,
13,DRINKING WATER,SPA,DRINKING WATER,CO-BRANDING,1500ML,PET,,SPCOSKSI15VN00,,89411896 03946,,,,,,,,,,,
13,CONDIMENTS,AKIJ,GRAM FLOUR,LOCAL,1000G,PILLOW,,AGFL10FV0,2025-01-20,89411896 03403,,,,,,,,,,,
14,GRAINS,AKIJ,PUFFED RICE,EXPORT,200G,POUCH,,AKJPUFRICEXP20V0,2024-01-08,89411896 03298,,,,,,,,,,,
15,GRAINS,AKIJ,PUFFED RICE,EXPORT,250G,POUCH,,AKJPUFRICEXP25V0,2024-01-08,89411896 03090,,,,,,,,,,,
16,GRAINS,AKIJ,PUFFED RICE,EXPORT,400G,POUCH,,AKJPUFRICEXP40V0,2024-01-08,89411896 03304,,,,,,,,,,,
17,GRAINS,AKIJ,PUFFED RICE,EXPORT,500G,POUCH,,AKJPUFRICEXP50V0,2024-01-08,89411896 03106,,,,,,,,,,,
17,DAIRY,FARM FRESH,SWEETENED YOGURT (CURD),LOCAL,40G,CLUSTER,FYSW50_4,FYSW40X4V1,,89411896 04783,,,,,,,,,,,
17,DAIRY,FARM FRESH,SWEETENED YOGURT (CURD),LOCAL,75G,CLUSTER,,FYSW754CLVN01,,89411896 04844,,,,,,,,,,,
17,BEVERAGE,SPEED,CARBONATED,SINGAPORE,250ML,PET,,ESQPSINPETVN00,,89411896 00266,,,,,,,,,,,
17,FRUIT DRINK,AAFI,MANGO FRUIT DRINK,INDIA,250ML,PET,,EAMDQPV1,2024-04-04,89411896 05797,,,,,,,,,,,
17,SNACKS,OPOTATO,SPICY COCKTAIL,LOCAL,20G,PILLOW,,OPSC20LV4,2024-10-02,89411896 00952,BANGLA-SHANGHAI PLATE MAKING LTD.,,,,,,,,,,
17,SNACKS,OPOTATO,TANGY TOMATO,LOCAL,20G,PILLOW,,OPTT20V4,2024-10-02,89411896 00945,BANGLA-SHANGHAI PLATE MAKING LTD.,,,,,,,,,,
17,FRUIT DRINK,AAFI,LITCHI FLAVOURED DRINK,LOCAL,180ML,PET,,ALD200V02,2024-06-24,89411896 06114,,,,,,,,,,,
17,BEVERAGE,AAFI,JIRA PANI,GCC,250ML,PET,,ABEJPG250PVNO1,2025-02-18,8941189600563,,,,,,,,,,,
17,DAIRY,DAILY MILK,POWDER MILK (SMP),LOCAL,2500G,BAG,,DDMSMLBVNOO,,89411896 0548,,,,,,,,,,,
17,CONDIMENTS,AKIJ,CHILLI POWDER,LOCAL,50G,POUCH,,ACPP50V0,2025-04-23,89411896 03410,,,,,,,,,,,
17,CONDIMENTS,AKIJ,CHILLI POWDER,LOCAL,200G,POUCH,,ACPP200V0,2025-04-23,89411896 03427,,,,,,,,,,,
17,CONDIMENTS,AKIJ,CHILLI POWDER,LOCAL,500G,POUCH,,ACPP500V0,2025-04-23,89411896 03434,,,,,,,,,,,
17,CONDIMENTS,AKIJ,CHILLI POWDER,LOCAL,1000G,POUCH,,ACPP1000V0,2025-04-23,89411896 03441,,,,,,,,,,,
17,DAIRY,FARM FRESH,MOZZARELLA CHEESE,LOCAL,200G,PILLOW,,FFMCP2VN00,,89411896 05216,,,,,,,,,,,
17,DAIRY,FARM FRESH,SHREDDED MOZZARELLA CHEESE,LOCAL,200G,PILLOW,,FFSMCP2VN00,,89411896 05209,,,,,,,,,,,
17,BEVERAGE,MOJO,COLA,CP OFFER,250ML,PET,MQP,MQPCPV05,2023-10-19,89411896 00044,,,,,,,,,,,
17,BEVERAGE,MOJO,COLA,CP OFFER,500ML,PET,MHP,MHPCPV02,2023-08-27,89411896 00068,,,,,,,,,,,
17,BEVERAGE,MOJO,COLA,CP OFFER,1000ML,PET,MOP,MOPCPV06,2023-08-27,89411896 00075,,,,,,,,,,,
17,BEVERAGE,MOJO,COLA,CP OFFER,2000ML,PET,MTP,MTPCPV06,,89411896 00082,,,,,,,,,,,
17,BEVERAGE,TWING,ORANGE,CP OFFER,250ML,PET,,TQPCPVN00,,89411896 00181,,,,,,,,,,,
17,BEVERAGE,TWING,ORANGE,CP OFFER,500ML,PET,,THPCPVN02,2023-09-17,89411896 00204,,,,,,,,,,,
17,SNACKS,CHEESE PUFFS,MOZZARELLA CHEESE,COMMON,21G,PILLOW,,MCPS21VN0,,8941189601003,,,,,,,,,,,
17,SNACKS,AAFI,PEANUT BAR,LOCAL,10G,PILLOW,,APNB10VN00,,8941189601188,,,,,,,,,,,
17,SNACKS,AAFI,PEANUT BAR,LOCAL,20G,PILLOW,,APNB20VN00,,89411896 01195,,,,,,,,,,,
17,DAIRY,FARM FRESH,BUTTER,LOCAL,50G,BOX,FBM,FBMVNO2,,89411896 04639,,,,,,,,,,,
17,DAIRY,FARM FRESH,BUTTER,LOCAL,200G,BOX,FBQ,FBQVN03,,89411896 04646,,,,,,,,,,,
17,DAIRY,FARM FRESH,BUTTER,LOCAL,50G,FOIL,FBM,FBMFOILV3,2023-12-17,89411896 04622,,,,,,,,,,,
17,DAIRY,FARM FRESH,BUTTER,LOCAL,200G,FOIL,FBQ,FBQFOILV3,2023-12-17,89411896 04646,,,,,,,,,,,
17,FRUIT DRINK,FRUTIKA,MANGO FRUIT DRINK (PULP BASED),INDIA,150G,BRICK,EFMS15080,EFMS15080VN01,,89411896 07746,,,,,,,,,,,
17,FRUIT DRINK,AAFI,MANGO FRUIT DRINK,INDIA,500ML,PET,,EAMDHPV1,2024-04-04,89411896 05803,,,,,,,,,,,
17,FRUIT DRINK,AAFI,MANGO FRUIT DRINK,INDIA,1000ML,PET,,EAMDOPV1,2024-04-04,89411896 05810,,,,,,,,,,,
17,CONDIMENTS,AKIJ,MUSTARD OIL,LOCAL,200ML,PET,,AKMOL2VN00,2023-09-05,89411896 03458,,,,,,,,,,,
17,CONDIMENTS,AKIJ,MUSTARD OIL,LOCAL,500ML,PET,,AKMOL5VN00,2023-09-05,89411896 03465,,,,,,,,,,,
17,CONDIMENTS,AKIJ,MUSTARD OIL,LOCAL,1000ML,PET,,AKMOL10VN00,2023-09-05,89411896 03472,,,,,,,,,,,
17,DAIRY,FARM FRESH,PASTEURIZED CHOCOLATE FLAVOURED LMILK,LOCAL,200ML,POUCH,FCQP,FCQPV2,2024-05-28,89411896 04479,,,,,,,,,,,
17,DAIRY,FARM FRESH,PASTEURIZED MANGO FLAVOURED LMILK,LOCAL,200ML,POUCH,FMQP,FMQPV3,2024-05-28,89411896 04462,,,,,,,,,,,
17,BEVERAGE,WILD BREW,MALT BEVERAGE,COMMON,300ML,FAT CAN,WBC330,WBC330V2,2025-04-25,89411896 00501,,,,,,,,,,,
17,SNACKS,AAFI,MANGO BAR,EXPORT ,15G,FOIL,AMB,AMBE15V01,,89411896 07111,,,,,,,,,,,
17,FRUIT DRINK,AAFI,MANGO FRUIT DRINK,SINGAPORE,500ML,PET,,AMHSINGVN00,,89411896 05803,,,,,,,,,,,
17,BEVERAGE,SPEED,CARBONATED,COMMON,300ML,FAT CAN,,SCFC3V00,,89411896 00471,,,,,,,,,,,
17,BEVERAGE,TURBO,ELCTROLYTE SPORTS DRINK LEMON,LOCAL,250ML,PET,,TESDLEMP25V2,2025-02-26,89411896 08675,PRINTO PACK SYNDICATE ,AFBL FOOD PARK,,,,,,,,,
17,BEVERAGE,TURBO,ELCTROLYTE SPORTS DRINK LITCHI,LOCAL,250ML,PET,,TESDLITP25V2,2025-02-26,89411896 08682,PRINTO PACK SYNDICATE ,AFBL FOOD PARK,,,,,,,,,
17,BEVERAGE,TURBO,ELCTROLYTE SPORTS DRINK MANGO,LOCAL,250ML,PET,,TESDMANP25V2,2025-02-26,89411896 08699,PRINTO PACK SYNDICATE ,AFBL FOOD PARK,,,,,,,,,
17,BEVERAGE,TURBO,ELCTROLYTE SPORTS DRINK ORANGE,LOCAL,250ML,PET,,TESDORGP25V02,2025-02-26,89411896 08705,PRINTO PACK SYNDICATE ,AFBL FOOD PARK,,,,,,,,,
17,DAIRY,SHAKE,CHOCOLATE MILKSHAKE,,200ML,BRICK,,,,89411896 0455,,,,,,,,,,,
17,BAKERY,AAFI,SHAHI TOAST,LOCAL,250G,PILLOW,,ASHATLOC250V1,2023-12-31,89411896 01850,,,,,,,,,,,
17,DAIRY,SHAKE,CHOCOLATE MILKSHAKE,LOCAL,500ML,COMBIFIT,,SHECHOCMB50V0,2023-11-20,89411896 04882,,,,,,,,,,,
17,DAIRY,SHAKE,VANILA MILKSHAKE,LOCAL,500ML,COMBIFIT,,SHEVANCMB5V0,2023-11-20,89411896 05490,,,,,,,,,,,
17,DAIRY,SHAKE,KHEER MILKSHAKE,LOCAL,500ML,COMBIFIT,,SHEKHECMB5V0,2023-11-20,89411896 05506,,,,,,,,,,,
17,FRUIT DRINK,FRUTIKA,RED GRAPE,LOCAL,180ML,PET,,FRG18CPVN0,2023-10-01,89411896 05568,,,,,,,,,,,
17,FRUIT DRINK,FRUTIKA,MANGO FRUIT DRINK,LOCAL,180ML,PET,FNP,FNPN0,2023-10-10,89411896 06091,,,,,,,,,,,
17,SNACKS,CHEESE PUFFS,MOZZARELLA CHEESE,LOCAL,14G,PILLOW,,MCPS14V2,2025-01-23,89411896 01201,PRINTO PACK SYNDICATE ,AFBL FOOD PARK,,,,,,,,,
17,SNACKS,CHEESE PUFFS,MOZZARELLA CHEESE,COMMON,28G,PILLOW,,MCPS28VN0,,89411896 01218,,,,,,,,,,,
17,BEVERAGE,SPEED,GINGER,LOCAL,250ML,PET,,SGPET25VN0,2023-10-25,89411896 00341,,,,,,,,,,,
17,BEVERAGE,SPEED,GREEN APPLE,LOCAL,250ML,PET,,SGAPET25VN0,2023-10-25,89411896 00389,,,,,,,,,,,
17,FRUIT DRINK,FRUTIKA,MANGO FRUIT DRINK,LOCAL,500ML,COMBIFIT,,FMCF5VN0,2023-11-14,89411896 05629,,,,,,,,,,,
17,FRUIT DRINK,FRUTIKA,MANGO FRUIT DRINK,LOCAL,750ML,COMBIFIT,,FMCF75VN0,2023-11-14,8941189605636,,,,,,,,,,,
17,FRUIT DRINK,FRUTIKA,MANGO FRUIT DRINK,LOCAL,1000ML,COMBIFIT,,FMCF10VN0,2023-11-14,89411896 05643,,,,,,,,,,,
17,SNACKS,AKIJ,HOT CHANACHUR,LOCAL,22G,PILLOW,,AKIJHHOTCH22V1,2024-05-09,89411896 01225,,,,,,,,,,,
17,SNACKS,AKIJ,HOT CHANACHUR,LOCAL,45G,PILLOW,,AKIJHHOTCH45V1,2024-05-09,89411896 01232,,,,,,,,,,,
17,SNACKS,AKIJ,HOT CHANACHUR,LOCAL,150G,PILLOW,,AKIJHHOTCH150V0,2023-11-12,89411896 01249,,,,,,,,,,,
17,SNACKS,AKIJ,HOT CHANACHUR,LOCAL,300G,PILLOW,,AKIJHHOTCH300V0,2023-11-12,89411896 01256,,,,,,,,,,,
17,FRUIT DRINK,AKIJ,MANGO FRUIT DRINK,LOCAL,500ML,PET,,AMFPET500V0,2023-11-13,89411896 05650,,,,,,,,,,,
17,FRUIT DRINK,AKIJ,MANGO FRUIT DRINK,LOCAL,1000ML,PET,,AMFPET1000V0,2023-11-13,89411896 05667,,,,,,,,,,,
17,FRUIT DRINK,AKIJ,MANGO FRUIT DRINK,LOCAL,200ML,BRICK,,AMFBRI200V0,,,,,,,,,,,,,
17,FRUIT DRINK,AKIJ,MANGO FRUIT DRINK,LOCAL,500ML,BRICK,,AMFBRI500V0,,,,,,,,,,,,,
17,FRUIT DRINK,AKIJ,MANGO FRUIT DRINK,LOCAL,750ML,BRICK,,AMFBRI750V0,,,,,,,,,,,,,
17,FRUIT DRINK,AKIJ,MANGO FRUIT DRINK,LOCAL,1000ML,BRICK,,AMFBRI1000V0,,,,,,,,,,,,,
17,BEVERAGE,MOJO,COLA,PROMOTIONAL,250ML,PET,,MJBBA25V1,2025-03-03,89411896 00044,,,,,,,,,,,
17,BEVERAGE,MOJO,COLA,PROMOTIONAL,500ML,PET,,MJBBA50V0,2025-01-09,89411896 00068,,,,,,,,,,,
17,BEVERAGE,MOJO,COLA,PROMOTIONAL,1000ML,PET,,MJBBA10V0,2025-01-09,89411896 00075,,,,,,,,,,,
17,BEVERAGE,MOJO,COLA,PROMOTIONAL,2000ML,PET,,MJBBA20V1,2025-03-03,89411896 00082,,,,,,,,,,,
17,DAIRY,SHAKE,CHOCOLATE MILKSHAKE,LOCAL,750ML,COMBIFIT,,SHECHOCMB75V0,2023-11-20,89411896 08712,,,,,,,,,,,
17,DAIRY,SHAKE,CHOCOLATE MILKSHAKE,LOCAL,1000ML,COMBIFIT,,SHECHOCMB100V0,2023-11-20,89411896 08729,,,,,,,,,,,
17,DAIRY,SHAKE,VANILA MILKSHAKE,LOCAL,750ML,COMBIFIT,,SHEVANCMB75V0,2023-11-20,89411896 08736,,,,,,,,,,,
17,DAIRY,SHAKE,VANILA MILKSHAKE,LOCAL,1000ML,COMBIFIT,,SHEVANCMB100V0,2023-11-20,89411896 08743,,,,,,,,,,,
17,DAIRY,SHAKE,KHEER MILKSHAKE,LOCAL,750ML,COMBIFIT,,SHEKHECMB75V0,2023-11-20,89411896 08750,,,,,,,,,,,
17,DAIRY,SHAKE,KHEER MILKSHAKE,LOCAL,1000ML,COMBIFIT,,SHEKHECMB100V0,2023-11-20,89411896 08767,,,,,,,,,,,
17,CONDIMENTS,AAFI,MUSTARD OIL,EXPORT,5000ML,PET,,AAMO5000EXPV3,2025-01-14,89411896 03885,,AKIJ PRINTING & PACKAGES LTD.,,,,,,,,,
17,DAIRY,FARM FRESH,LABAN (HEAT TREATED FERMENTED MILK),LOCAL,250ML,PET,FFLQP,FFLQPV01,2023-12-17,89411896 04813,,,,,,,,,,,
17,SNACKS,AAFI,CHANACHUR (HOT),LOCAL,25G,PILLOW,ACJ25,ACJL25V3,2024-08-01,89411896 00822,BANGLA-SHANGHAI PLATE MAKING LTD.,PREMIAFLEX PLASTICS LTD.,,,,,,,,,
17,SNACKS,AAFI,CHANACHUR (BBQ),LOCAL,25G,PILLOW,,ACB25V3,2024-10-06,89411896 01119,BANGLA-SHANGHAI PLATE MAKING LTD.,AFBL FOOD PARK,,,,,,,,,
17,CONDIMENTS,AAFI,MIXED CHUTNEY,LOCAL,15G,POLY,,AMCL15V2,2025-01-01,89411896 03489,BANGLA-SHANGHAI PLATE MAKING LTD.,AFBL FOOD PARK,,,,,,,,,
17,DAIRY,FARM FRESH,BUTTER,LOCAL,100G,FOIL,,FBF100V0,2023-12-27,89411896 04943,,,,,,,,,,,
17,SNACKS,OPOTATO,DRUMSTICK (SMOKY CHICKEN),LOCAL,20G,PILLOW,OPCD20,OPCD20V2,2024-02-14,89411896 01034,BANGLA-SHANGHAI PLATE MAKING LTD.,,,,,,,,,,
17,DAIRY,FARM FRESH,POWDER MILK,LOCAL,20G,PILLOW,,FFPM20V0,2024-01-14,89411896 05407,,,,,,,,,,,
17,DAIRY,MILK LAND,POWDER MILK,LOCAL,10G,POUCH,,MLP10V1,2024-02-13,8941189605100,,,,,,,,,,,
17,BEVERAGE,SPEED,CARBONATED,UAE,250ML,PET,ESQP,ESQPUAEV1,2024-09-29,89411896 00266,BANGLA-SHANGHAI PLATE MAKING LTD.,AFBL FOOD PARK,,,,,,,,,
17,FRUIT DRINK,AAFI,LITCHI FLAVOURED DRINK,EXPORT,260ML,PET,,EAL260CV01,2024-01-23,89411896 06084,,,,,,,,,,,
17,SNACKS,CHEESE PUFFS,CHEESE,PROMOTIONAL,14G,PILLOW,,CPS14PRV2,2024-08-01,89411896 00914,,,,,,,,,,,
17,SNACKS,CHEESE PUFFS,CHEESE,PROMOTIONAL,22G,PILLOW,,CPSM22PRV2,2024-08-01,89411896 00921,,,,,,,,,,,
17,CONDIMENTS,AKIJ,MUSTARD OIL,LOCAL,50ML,PET,,AKMOL50V0,2023-09-13,89411896 03496,,,,,,,,,,,
17,CONDIMENTS,AKIJ,MUSTARD OIL,LOCAL,100ML,PET,,AKMOL100V0,2023-09-13,89411896 03502,,,,,,,,,,,
17,SNACKS,AKIJ,MANGO BAR,LOCAL,7/15G,PLASTIC JAR,,AKMSBCS7/15V0,2024-02-18,NO NEED,,,,,,,,,,,
17,SNACKS,AKIJ,MANGO BAR,LOCAL,7G,FOIL,,AKMBFL7V0,2024-02-18,89411896 01263,,,,,,,,,,,
17,SNACKS,AKIJ,MANGO BAR,LOCAL,7G,POUCH,,AKMBPL7V0,2024-02-18,89411896 01270,,,,,,,,,,,
17,SNACKS,AKIJ,MANGO BAR,LOCAL,7G,PLASTIC JAR,,AKMBPJL7V0,2024-02-18,89411896 01287,,,,,,,,,,,
17,FRUIT DRINK,FRUTIKA,MANGO FRUIT DRINK,USA,250ML,PET,,FQPUSAV0,2024-02-19,89411896 05711,,,,,,,,,,,
17,FRUIT DRINK,FRUTIKA,MANGO FRUIT DRINK,USA,500ML,PET,,FHPUSAV0,2024-02-19,89411896 05728,,,,,,,,,,,
17,FRUIT DRINK,FRUTIKA,MANGO FRUIT DRINK,USA,1000ML,PET,,FOPUSAV0,2024-02-19,89411896 05735,,,,,,,,,,,
17,FRUIT DRINK,FRUTIKA,MANGO FRUIT DRINK,EXPORT ,125ML,MASTER CARTON,,FMFEM125-40V0,2024-02-20,89411896 08774,,,,,,,,,,,
18,GRAINS,AKIJ,CHINIGURA AEROMETIC RICE,LOCAL,40KG,BAG,,AARL40KV0,2024-02-26,89411896 08781,,,,,,,,,,,
18,BEVERAGE,SPEED,CARBONATED,LOCAL,200ML,CAN,,SPEDC2V0,2024-03-03,89411896 08798,,,,,,,,,,,
18,BEVERAGE,CLEMON,LEMON,LOCAL,200ML,CAN,,CLMLC2V0,2024-03-03,89411896 08804,,,,,,,,,,,
18,FRUIT DRINK,AAFI,LITCHI DRINK,USA,180ML,PET,,EALD180USAV0,2024-03-03,89411896 0613,,,,,,,,,,,
18,BEVERAGE,MOJO,COLA,LOCAL,200ML,CAN,,MJCLC2V0,2024-03-04,89411896 08811,,,,,,,,,,,
18,BEVERAGE,SPEED X,CARBONATED,EXPORT,250ML,MASTER CARTON,,SPD-XMCPETV0,2024-03-12,89411896 08828,,,,,,,,,,,
18,DAIRY,FARM FRESH,PASTEURIZED FULL CREAM MILK,LOCAL,200ML,POUCH,,FFPFCPASIND2V0,,,,,,,,,,,,,
18,DAIRY,FARM FRESH,PASTEURIZED FULL CREAM MILK,LOCAL,500ML,POUCH,,FFPFCUPASIND5V0,2024-03-19,89411896 04370,,,,,,,,,,,
18,DAIRY,FARM FRESH,PASTEURIZED FULL CREAM MILK,LOCAL,1000ML,POUCH,,FFPFCPASIND10V0,2024-03-19,89411896 04387,,,,,,,,,,,
18,BEVERAGE,CLEMON,LEMON,CAMPING,250ML,PET,,CLLCAM25V0,2025-01-01,89411896 00112,BANGLA-SHANGHAI PLATE MAKING LTD.,AFBL FOOD PARK,,,,,,,,,
18,BEVERAGE,CLEMON,LEMON,CAMPING,500ML,PET,,CLLCAM50V0,2025-01-01,89411896 00136,BANGLA-SHANGHAI PLATE MAKING LTD.,AFBL FOOD PARK,,,,,,,,,
18,BEVERAGE,CLEMON,LEMON,CAMPING,1000ML,PET,,CLLCAM100V0,2025-01-01,89411896 00143,BANGLA-SHANGHAI PLATE MAKING LTD.,AFBL FOOD PARK,,,,,,,,,
18,BEVERAGE,CLEMON,LEMON,CAMPING,2000ML,PET,,CLLCAM200V0,2025-01-01,89411896 00150,BANGLA-SHANGHAI PLATE MAKING LTD.,AFBL FOOD PARK,,,,,,,,,
18,BEVERAGE,SPEED,CARBONATED,UAE,250ML,CAN,,ESQPUAECANV1,2024-05-21,89411896 00273,,,,,,,,,,,
18,DAIRY,YAMMY,LASSI,LOCAL,180ML,PET,,YLP180V1,2024-03-27,89411896 05193,,,,,,,,,,,
18,DAIRY,FARM FRESH,POWDER MILK,PROMOTIONAL,500G,PILLOW,,FFIPMHPROV2,2025-01-19,89411896 04936,,,,,,,,,,,
18,BAKERY,AAFI,DRY CAKE,LOCAL,25G,POUCH,,ADCLOC25POUV0,2024-04-24,89411896 01867,,,,,,,,,,,
18,FRUIT DRINK,FRUTIKA,MANGO FRUIT DRINK,AUSTALIA,250ML,PET,,FQPAUSV0,2024-04-30,89411896 05711,,,,,,,,,,,
18,FRUIT DRINK,FRUTIKA,MANGO FRUIT DRINK,AUSTALIA,500ML,PET,,FHPAUSV0,2024-04-30,89411896 05728,,,,,,,,,,,
18,FRUIT DRINK,FRUTIKA,MANGO FRUIT DRINK,AUSTALIA,1000ML,PET,,FOPAUSV0,2024-04-30,89411896 05735,,,,,,,,,,,
18,CONDIMENTS,AKIJ,RED LENTIL,LOCAL,20KG,BAG,,AKRLL20KV0,2024-04-30,89411896 08835,,,,,,,,,,,
18,CONDIMENTS,AKIJ,RED LENTIL,LOCAL,40KG,BAG,,AKRLL40KV0,2024-04-30,89411896 08842,,,,,,,,,,,
18,BEVERAGE,ICEE TEA,LEMON,LOCAL,250ML,PET,,ITLL25V0,2024-07-08,89411900 06183,,,,,,,,,,,
18,SNACKS,AKIJ WELL-BEING,DRIED FRUITS (MANGO),LOCAL,100G,STANDING POUCH,,AWDFMSTDPV2,2025-03-13,89411896 01294,BANGLA-SHANGHAI PLATE MAKING LTD.,AKIJ PRINTING & PACKAGES LTD.,,,,,,,,,
18,DAIRY,FARM FRESH,UHT LASSI,LOCAL,250ML,PET,,,,89411896 04592,,,,,,,,,,,
18,DAIRY,FARM FRESH,UHT LASSI,LOCAL,200ML,PET,,FFUHTLAS200V0,2024-09-19,89411896 04608,,,,,,,,,,,
18,BAKERY,AAFI,PLAIN TOAST,EXPORT,100G,PILLOW,,APREXP100V0,2024-05-06,89411896 02062,,,,,,,,,,,
18,BAKERY,AAFI,PLAIN TOAST,EXPORT,150G,PILLOW,,APREXP150V0,2024-05-06,89411896 01966,,,,,,,,,,,
18,BAKERY,AAFI,PLAIN TOAST,EXPORT,250G,PILLOW,,APREXP250V0,2024-05-06,89411896 01973,,,,,,,,,,,
18,BAKERY,AAFI,GHEE TOAST,EXPORT,100G,PILLOW,,AGREXP100V0,2024-05-06,89411896 01928,,,,,,,,,,,
18,BAKERY,AAFI,GHEE TOAST,EXPORT,150G,PILLOW,,AGREXP150V0,2024-05-06,89411896 01935,,,,,,,,,,,
18,BAKERY,AAFI,GHEE TOAST,EXPORT,250G,PILLOW,,AGREXP250V0,2024-05-06,89411896 01942,,,,,,,,,,,
18,BAKERY,AAFI,HOICHOI TOAST,EXPORT,100G,PILLOW,,AHOIREXP100V0,2024-04-17,89411896 01874,,,,,,,,,,,
18,BAKERY,AAFI,HOICHOI TOAST,EXPORT,150G,PILLOW,,AHOIREXP150V0,2024-04-17,89411896 01881,,,,,,,,,,,
18,BAKERY,AAFI,HOICHOI TOAST,EXPORT,250G,PILLOW,,AHOIREXP250V0,2024-04-17,89411896 01898,,,,,,,,,,,
18,FRUIT DRINK,FRUTIKA,MANGO FRUIT DRINK,GCC,250ML,PET,FQP,FQPCTRGCCV0,2024-05-07,89411896 05711,,,,,,,,,,,
18,FRUIT DRINK,FRUTIKA,MANGO FRUIT DRINK,GCC,500ML,PET,FHP,FHPCTRGCCV0,2024-05-07,89411896 05728,,,,,,,,,,,
18,FRUIT DRINK,FRUTIKA,MANGO FRUIT DRINK,GCC,1000ML,PET,FOP,FOPCTRGCCV0,2024-05-07,89411896 05735,,,,,,,,,,,
18,SNACKS,AAFI,CHANACHUR (CLASSIC),EXPORT ,35G,MASTER CARTON,,AAFICHA4VMCV0,2024-05-26,89411896 08859,,,,,,,,,,,
18,SNACKS,AAFI,CHANACHUR (CLASSIC),EXPORT ,35G,MASTER CARTON,,AAFICHA4VMCV0,2024-05-26,89411896 08866,,,,,,,,,,,
18,SNACKS,AAFI,CHANACHUR (HOT),EXPORT ,35G,MASTER CARTON,,AAFICHA4VMCV0,2024-05-26,89411896 08873,,,,,,,,,,,
18,SNACKS,AAFI,CHANACHUR (BBQ),EXPORT ,35G,MASTER CARTON,,AAFICHA4VMCV0,2024-05-26,89411896 08880,,,,,,,,,,,
18,BAKERY,AAFI,PLAIN TOAST,INDIA,100G,PILLOW,,APRIND100V0,2024-06-03,89411896 02062,,,,,,,,,,,
18,BAKERY,AAFI,PLAIN TOAST,INDIA,150G,PILLOW, ,APRIND150V0,2024-06-03,89411896 01966,,,,,,,,,,,
18,BAKERY,AAFI,PLAIN TOAST,INDIA,250G,PILLOW,,APRIND250V0,2024-06-03,89411896 01973,,,,,,,,,,,
18,BAKERY,AAFI,GHEE TOAST,INDIA,100G,PILLOW,,AGRIND100V0,2024-06-03,89411896 01928,,,,,,,,,,,
18,BAKERY,AAFI,GHEE TOAST,INDIA,150G,PILLOW,,AGRIND150V0,2024-06-03,89411896 01935,,,,,,,,,,,
18,BAKERY,AAFI,GHEE TOAST,INDIA,250G,PILLOW,,AGRIND250V0,2024-06-03,89411896 01942,,,,,,,,,,,
18,BAKERY,AAFI,HOICHOI TOAST,INDIA,100G,PILLOW,,AHOIRIND100V0,2024-04-17,89411896 01874,,,,,,,,,,,
18,BAKERY,AAFI,HOICHOI TOAST,INDIA,150G,PILLOW,,AHOIRIND150V0,2024-04-17,89411896 01881,,,,,,,,,,,
18,BAKERY,AAFI,HOICHOI TOAST,INDIA,250G,PILLOW,,AHOIRIND250V0,2024-04-17,89411896 01898,,,,,,,,,,,
18,BEVERAGE,AAFI,JIRA PANI,EXPORT ,250ML,MASTER CARTON,,AAFIJIRAPANIEXPV0,2024-06-11,89411896 08897,,,,,,,,,,,
18,CONDIMENTS,AKIJ,SEMOLINA (SUJI),LOCAL,6000G,BAG,,ACONSEL6000V0,2024-06-04,89411896 08903,,,,,,,,,,,
18,DAIRY,FARM FRESH,POWDER MILK,LOCAL,2000G,PILLOW,,FFPMP2KV1,2025-03-03,89411896 08910,,,,,,,,,,,
18,BEVERAGE,SPEED,CARBONATED,SINGAPORE,250ML,CAN,,ESQPSINCANV0,2024-07-14,89411896 00273,,,,,,,,,,,
18,BEVERAGE,SPEED,CARBONATED,EXPORT,250ML,CAN,ESQC,ESQCCOMMV4,2025-01-28,89411896 00273,,,,,,,,,,,
18,BAKERY,AAFI,DRY CAKE,EXPORT,120G,BOX,,ADCEXP120V2,2024-09-16,89411896 02024,,,,,,,,,,,
18,DRINKING WATER,RIVERA,DRINKING WATER,PROMOTIONAL,500ML,PET,RHP,RHPCP15V0,2024-08-08,89411896 04028,,,,,,,,,,,
18,DRINKING WATER,SPA,DRINKING WATER,PROMOTIONAL,500ML,PET,,SPHPCP15V0,2024-08-08,89411896 03922,,,,,,,,,,,
18,CONDIMENTS,AKIJ,RED LENTIL,LOCAL,12KG,BAG,,AKRLL12KV0,2024-08-26,89411896 08842,,,,,,,,,,,
18,BEVERAGE,AAFI,ORANGE DRINK CSD,LOCAL,250ML,PET,AOQP,AOQPV1,2024-09-02,89411896 00358,,,,,,,,,,,
18,SNACKS,CHEESE PUFFS,SNACKS CHIPS,EXPORT,,MASTER CARTON,,SNKEXP80V1,2024-09-11,89411896 08927,,,,,,,,,,,
18,FRUIT DRINK,AAFI,MANGO FRUIT DRINK,LOCAL,180ML,PET,,AAFIMFD180LV0,2023-03-16,89411896 05551,,,,,,,,,,,
18,SNACKS,CHEESE PUFFS,SNACKS CHIPS,EXPORT,,MASTER CARTON,,SNKEXP80V1,2024-09-11,89411896 08934,,,,,,,,,,,
18,SNACKS,Coconut Puffs,SNACKS CHIPS,EXPORT,,MASTER CARTON,,SNKEXP80V1,2024-09-11,89411896 08941,,,,,,,,,,,
18,SNACKS,CHEESE PUFFS,SNACKS CHIPS (MOZZARELLA CHEESE),EXPORT,,MASTER CARTON,,SNKEXP80V1,2024-09-11,89411896 08958,,,,,,,,,,,
18,SNACKS,O’potato Sticks,SNACKS CHIPS,EXPORT,,MASTER CARTON,,SNKEXP80V1,2024-09-11,89411896 08965,,,,,,,,,,,
18,SNACKS,O’potato Drumstick,SNACKS CHIPS,EXPORT,,MASTER CARTON,,SNKEXP80V1,2024-09-11,89411896 08972,,,,,,,,,,,
18,SNACKS,O’potato Pasta,SNACKS CHIPS,EXPORT,,MASTER CARTON,,SNKEXP80V1,2024-09-11,89411896 08989,,,,,,,,,,,
18,SNACKS,AAFI,CHANACHUR (CLASSIC),EXPORT,300G,PLASTIC JAR,,AFICLCHEXPJAR3VO,2024-10-06,89411896 01300,,,,,,,,,,,
18,SNACKS,AAFI,CHANACHUR (HOT),EXPORT,300G,PLASTIC JAR,,AFIHOTCHEXPJAR3VO,2024-10-06,89411896 01317,,,,,,,,,,,
18,SNACKS,AAFI,CHANACHUR (BBQ),EXPORT,300G,PLASTIC JAR,,AFIBBQCHEXPJAR3VO,2024-10-06,89411896 01324,,,,,,,,,,,
18,BAKERY,AAFI,DRY CAKE,LOCAL,25G,MASTER CARTON,,ADCLOC25G6PMCV0,2024-09-17,89411896 08996,,,,,,,,,,,
18,FRUIT DRINK,AAFI,MANGO FRUIT DRINK,EXPORT,1000ML,MASTER CARTON,,AAFIMFDMC1LV1,2024-09-24,89411896 09009,,,,,,,,,,,
18,FRUIT DRINK,AAFI,MANGO FRUIT DRINK,EXPORT,500ML,MASTER CARTON,,AAFIMFDMC500MLV1,2024-09-24,89411896 09016,,,,,,,,,,,
18,FRUIT DRINK,AAFI,MANGO FRUIT DRINK,EXPORT,250ML,MASTER CARTON,,AAFIMFDMC250MLV1,2024-09-24,89411896 09023,,,,,,,,,,,
18,FRUIT DRINK,AAFI,MANGO FRUIT DRINK,EXPORT,260ML,MASTER CARTON,,AAFIMFDMC260MLV1,2024-09-24,89411896 09030,,,,,,,,,,,
18,BEVERAGE,SPEED,SPEED CAN,EXPORT,250ML,MASTER CARTON,,SPEEDCANMC250MLV1,2024-09-24,89411896 09047,,AKIJ PRINTING & PACKAGES LTD.,,,,,,,,,
18,BEVERAGE,SPEED,SPEED PET,EXPORT,250ML,MASTER CARTON,,SPEEDPETMC250MLV1,2024-09-24,89411896 09054,,AKIJ PRINTING & PACKAGES LTD.,,,,,,,,,
18,FRUIT DRINK,FRUTIKA,MANGO FRUIT DRINK,OPOTATO,1000ML,PET,,FOPOPOTATOV0,2024-09-27,89411896 05735,,,,,,,,,,,
18,BEVERAGE,MOJO,COLA,COMMON,250ML,CAN,MQC,MQCFLAGV3,2024-09-27,89411896 00020,,,,,,,,,,,
18,BEVERAGE,MOJO,COLA,COMMON,300ML,FAT CAN,,MCCC300V0,2024-09-27,89411896 00396,,,,,,,,,,,
18,FRUIT DRINK,AAFI,MANGO FRUIT DRINK,EXPORT,250ML,MASTER CARTON,,AAFIMFDMCV1,2024-09-24, 89411896 09030,,,,,,,,,,,
18,FRUIT DRINK,AAFI,MANGO FRUIT DRINK,EXPORT,260ML,MASTER CARTON,,AAFIMFDMCV1,2024-09-24,89411896 09023,,,,,,,,,,,
19,GRAINS,AKIJ,CHINIGURA AEROMETIC RICE,LOCAL,20KG,BAG,,AARL20KGV1,2024-12-25,89411896 09061,,,,,,,,,,,
19,SNACKS,OPOTATO,SPICY COCKTAIL,LOCAL,16G,PILLOW,,OPSC16LV0,2024-10-02,89411896 01331,BANGLA-SHANGHAI PLATE MAKING LTD.,AFBL FOOD PARK,,,,,,,,,
19,SNACKS,OPOTATO,TANGY TOMATO,LOCAL,16G,PILLOW,,OPTT16V0,2024-10-02,89411896 01348,BANGLA-SHANGHAI PLATE MAKING LTD.,AFBL FOOD PARK,,,,,,,,,
20,GRAINS,AKIJ,CHINIGURA AEROMETIC RICE,LOCAL,1000G,POUCH,,AARL1KV01,2023-11-06,89411896 03373,BANGLA-SHANGHAI PLATE MAKING LTD.,SHAJINAZ EXIM PACK LTD.,,,,,,,,,
20,SNACKS,AAFI,CHANACHUR (CLASSIC),EXPORT,300G,MASTER CARTON,,AAFICHANJAR300V0,2024-10-08,89411896 09078,,,,,,,,,,,
20,SNACKS,AAFI,CHANACHUR (HOT),EXPORT,300G,MASTER CARTON,,AAFICHANJAR300V0,2024-10-08,89411896 09085,,,,,,,,,,,
20,SNACKS,AAFI,CHANACHUR (BBQ),EXPORT,300G,MASTER CARTON,,AAFICHANJAR300V0,2024-10-08,89411896 09092,,,,,,,,,,,
20,SNACKS,OPOTATO,CREAM & ONION,LOCAL,16G,PILLOW,,OPC&OC16V0,2024-10-02,89411896 01355,BANGLA-SHANGHAI PLATE MAKING LTD.,AFBL FOOD PARK,,,,,,,,,
20,FRUIT DRINK,AAFI,MANGO FRUIT DRINK,LOCAL,125ML,BRICK,,AAFIMFD125BRILV0,2024-10-26,89411896 05582,,,,,,,,,,,
20,SNACKS,OPOTATO,SPICY COCKTAIL,EXPORT,20G,PILLOW,,OPSC20EXPV0,2024-10-02,89411896 00952,BANGLA-SHANGHAI PLATE MAKING LTD.,AFBL FOOD PARK,,,,,,,,,
20,SNACKS,OPOTATO,TANGY TOMATO,EXPORT,20G,PILLOW,,OPTT20EXPV0,2024-10-02,89411896 00945,BANGLA-SHANGHAI PLATE MAKING LTD.,AFBL FOOD PARK,,,,,,,,,
20,DAIRY,FARM FRESH,POWDER MILK,LOCAL,250G,PILLOW,,FFPML250V0,2024-09-30,89411896 09108,,,,,,,,,,,
20,DAIRY,MILK LAND,POWDER MILK,LOCAL,250G,PILLOW,,MLPL250V0,2025-03-03,89411896 09115,,,,,,,,,,,
20,CONDIMENTS,AAFI,MUSTARD OIL,EXPORT,200ML,PET,EMOQP,EMOQPV2,2024-10-24,89411896 06817,,AKIJ PRINTING & PACKAGES LTD.,,,,,,,,,
20,CONDIMENTS,AAFI,MUSTARD OIL,EXPORT,400ML,PET,EMOP400,EMOP400V2,2024-10-24,89411896 03786,,AKIJ PRINTING & PACKAGES LTD.,,,,,,,,,
20,CONDIMENTS,AAFI,MUSTARD OIL,,500ML,PET,,,,89411896 0380,,,,,,,,,,,
20,CONDIMENTS,AAFI,MUSTARD OIL,EXPORT,1000ML,PET,EMOOP,EMOOPV2,2024-10-24,89411896 03816,,AKIJ PRINTING & PACKAGES LTD.,,,,,,,,,
21,GRAINS,AAFI,PUFFED RICE,LOCAL,250G,PILLOW,APRQ,APRQV2,2024-10-10,89411896 02819,BANGLA-SHANGHAI PLATE MAKING LTD.,BENGAL PRINTING & PACKAGING,,,,,,,,,
21,SNACKS,OPOTATO,CREAM & ONION,LOCAL,20G,PILLOW,,0PC&OC20V0,2024-10-02,89411896 01362,BANGLA-SHANGHAI PLATE MAKING LTD.,,,,,,,,,,
21,SNACKS,OPOTATO,CREAM & ONION,EXPORT,20G,PILLOW,,0PC&OC20EXPV0,2024-10-02,89411896 01362,,,,,,,,,,,
21,BAKERY,AAFI,PLAIN TOAST,EXPORT,150G,MASTER CARTON,,ATREXCOMB150V0,2024-12-09,89411896 09122,,,,,,,,,,,
21,BAKERY,AAFI,PLAIN TOAST,EXPORT,250G,MASTER CARTON,,ATREXCOMB250V0,2024-12-09,89411896 09139,,,,,,,,,,,
21,BAKERY,AAFI,SWEET TOAST,EXPORT,150G,MASTER CARTON,,ATREXCOMB150V0,2024-12-09,89411896 09146,,,,,,,,,,,
21,BAKERY,AAFI,SWEET TOAST,EXPORT,250G,MASTER CARTON,,ATREXCOMB250V0,2024-12-09,89411896 09153,,,,,,,,,,,
21,BAKERY,AKIJ,CHOCOLATE COOKIES,EXPORT,54G,PILLOW,,ACCPEXP54V0,2024-12-09,89411896 01379,,,,,,,,,,,
21,BAKERY,AKIJ,LITE SUGAR COOKIES,EXPORT,54G,PILLOW,,ACLSPEXP54V0,2024-12-09,89411896 01386,,,,,,,,,,,
21,BAKERY,AKIJ,MILK COOKIES,EXPORT,54G,PILLOW,,ACMPEXP54V0,2024-12-09,89411896 01393,,,,,,,,,,,
21,BAKERY,AKIJ,PEANUT COOKIES,EXPORT,54G,PILLOW,,ACCPEXP54V0,2024-12-09,89411896 01409,,,,,,,,,,,
21,BAKERY,AKIJ,SALTY COOKIES,EXPORT,54G,PILLOW,,ACSPEXP54V0,2024-12-09,89411896 01416,,,,,,,,,,,
21,FRUIT DRINK,FRUTIKA,RED GRAPE,LOCAL,250ML,PET,,FRGQPCPV2,2024-12-19,89411896 05742,,,,,,,,,,,
21,FRUIT DRINK,FRUTIKA,RED GRAPE,LOCAL,1000ML,PET,,FRG1LCPV0,2024-12-19,89411896 05575,,,,,,,,,,,
21,FRUIT DRINK,FRUTIKA,MANGO FRUIT DRINK,CP,1000ML,PET,,FOP1LCPV0,2024-12-19,89411896 05735,,,,,,,,,,,
21,BEVERAGE,SPEED,CARBONATED,LOCAL,250ML,PET,SQP,SQPLOCHGV0,2025-03-03,89411896 00266,BANGLA-SHANGHAI PLATE MAKING LTD.,AFBL FOOD PARK,,,,,,,,,
21,BAKERY,AAFI,HOICHOI TOAST,EXPORT,150G,MASTER CARTON,,ATREXCOMB150V0,2024-12-09,89411896 09160,,,,,,,,,,,
21,BAKERY,AAFI,HOICHOI TOAST,EXPORT,250G,MASTER CARTON,,ATREXCOMB250V0,2024-12-09,89411896 09177,,,,,,,,,,,
21,BAKERY,AAFI,GHEE TOAST,EXPORT,150G,MASTER CARTON,,ATREXCOMB150V0,2024-12-09,89411896 09184,,,,,,,,,,,
21,BAKERY,AAFI,GHEE TOAST,EXPORT,250G,MASTER CARTON,,ATREXCOMB250V0,2024-12-09,89411896 09191,,,,,,,,,,,
21,CONDIMENTS,AKIJ,SEMOLINA (SUJI),LOCAL,4800G,BAG,,ACONSEL4800V0,2024-06-04,89411896 09207,,,,,,,,,,,
21,SNACKS,KRANCHO,POTATO CRACKERS (CLASSIC),CP,15G,PILLOW,,KPC15V1,2025-02-05,89411896 01423,PRINTO PACK SYNDICATE ,AFBL FOOD PARK,,,,,,,,,
21,BEVERAGE,MOJO,COLA,EXPORT,250ML,PET,,MQPEXP250V1,2025-01-01,89411896 00044,,,,,,,,,,,
21,CONDIMENTS,AAFI,PICKELE (SECURITY SEAL),COMMON,400G,WRAPPER,,AFIPIK4JSSV0,2025-01-05,,,,,,,,,,,,
21,BEVERAGE,CLEMON,LEMON,EXPORT,250ML,PET,,CQPEXPV1,2025-01-05,89411896 00112,,,,,,,,,,,
21,SNACKS,AAFI,CHANACHUR (CAP SEAL),COMMON,300G,SHRINK,,AAAFICHACAPSELV0,2025-01-06,,BANGLA-SHANGHAI PLATE MAKING LTD.,AFBL FOOD PARK,,,,,,,,,
21,SNACKS,AAFI,CHANACHUR (BBQ),EXPORT,35G,PILLOW,,ACBEXP35V1,2024-10-06,89411896 01119,BANGLA-SHANGHAI PLATE MAKING LTD.,AFBL FOOD PARK,,,,,,,,,
22,GRAINS,AKIJ,CHINIGURA AEROMETIC RICE,LOCAL,20KG,BAG,,AARL20KGDCV1,2024-12-25,89411896 09061,,,,,,,,,,,
22,SNACKS,AAFI,CHANACHUR (BBQ),EXPORT,80G,PILLOW,,ACBEXP80V1,2024-10-06,89411896 01065,BANGLA-SHANGHAI PLATE MAKING LTD.,AFBL FOOD PARK,,,,,,,,,
22,SNACKS,AAFI,CHANACHUR (BBQ),EXPORT,150G,PILLOW,,ACBEXP150V1,2024-10-06,89411896 01089,BANGLA-SHANGHAI PLATE MAKING LTD.,AFBL FOOD PARK,,,,,,,,,
22,SNACKS,AAFI,CHANACHUR (BBQ),EXPORT,300G,PILLOW,,ACBEXO300V1,2024-10-06,89411896 01096,BANGLA-SHANGHAI PLATE MAKING LTD.,AFBL FOOD PARK,,,,,,,,,
22,BEVERAGE,MOJO,COLA,PROMOTIONAL,2000ML,PET,,MJBBAHB20V0,2025-03-03,89411896 00082,,,,,,,,,,,
22,BEVERAGE,CLEMON,LEMON,CAMPING,2000ML,PET,,CLLCAMHB200V0,2025-03-03,89411896 00150,BANGLA-SHANGHAI PLATE MAKING LTD.,AFBL FOOD PARK,,,,,,,,,
22,SNACKS,KRANCHO,POTATO CRACKERS (HOT),CP,15G,PILLOW,,KPCHOT15CPV1,2025-02-05,89411896 01485,PRINTO PACK SYNDICATE ,AFBL FOOD PARK,,,,,,,,,
22,BEVERAGE,SPEED,SPEED PET,EXPORT,250ML,SHRINK,,SPEEDPETEXPSHRINKLV0,2025-01-19,89411896 09290,BANGLA-SHANGHAI PLATE MAKING LTD.,AFBL FOOD PARK,,,,,,,,,
22,CONDIMENTS,AAFI,GREEN MANGO CHUTNEY ,EXPORT,15G,POLY,,AGMCL15EXPV0,2025-01-01,89411896 03038,BANGLA-SHANGHAI PLATE MAKING LTD.,AFBL FOOD PARK,,,,,,,,,
22,CONDIMENTS,AAFI,OLIVE CHUTNEY ,EXPORT,15G,POLY,,AOCL15EXPV0,2025-01-01,89411896 03045,BANGLA-SHANGHAI PLATE MAKING LTD.,AFBL FOOD PARK,,,,,,,,,
22,CONDIMENTS,AAFI,TAMARIND CHUTNEY ,EXPORT,15G,POLY,,ATCL15EXPV0,2025-01-01,89411896 03052,BANGLA-SHANGHAI PLATE MAKING LTD.,AFBL FOOD PARK,,,,,,,,,
22,CONDIMENTS,AAFI,MIXED CHUTNEY,EXPORT,15G,POLY,,AMCL15EXPV0,2025-01-01,89411896 03489,BANGLA-SHANGHAI PLATE MAKING LTD.,AFBL FOOD PARK,,,,,,,,,
22,CONDIMENTS,AKIJ,GRAM FLOUR,LOCAL,"500G, 1000G",BAG,,AGFLMBV0,2025-01-23,89411896 09214,,,,,,,,,,,
22,DAIRY,FARM FRESH,PASTEURIZED STANDARDIZED MILK (COFFEE),LOCAL,1000ML,POUCH,,FFPSMCOFFEEV0,2024-12-24,89411896 0923,BANGLA-SHANGHAI PLATE MAKING LTD.,AFBL FOOD PARK,,,,,,,,,
22,BEVERAGE,FIZZO,LITCHI,LOCAL,250ML,PET,,FIZZOLITCHIV0,2025-01-27,89411896 09245,,,,,,,,,,,
22,BEVERAGE,FIZZO,APPLE,LOCAL,250ML,PET,,FIZZOAPPOV0,2025-01-27,89411896 09252,,,,,,,,,,,
22,BEVERAGE,FIZZO,POMEGRANATE,LOCAL,250ML,PET,,,2025-01-27,89411896 09269,,,,,,,,,,,
22,BEVERAGE,FIZZO,VANILLA,LOCAL,250ML,PET,,,2025-01-27,89411896 09276,,,,,,,,,,,
22,BEVERAGE,LEMU,CLOUDY LEMON,EXPORT,250ML,PET,,LQPEXPV1,2025-03-18,89411896 00242,BANGLA-SHANGHAI PLATE MAKING LTD.,AFBL FOOD PARK,,,,,,,,,
22,DAIRY,FARM FRESH,POWDER MILK,LOCAL,1000G,MASTER CARTON,,FFIPMMC1000V0,2025-02-26,,,,,,,,,,,,
22,SNACKS,OPOTATO ,TANGY TOMATO,EXPORT ,20G,MASTER CARTON,,SNKEXP80V1,2025-02-06,89411896 09306,,,,,,,,,,,
22,SNACKS,OPOTATO,SPICY COCKTAIL,EXPORT,20G,MASTER CARTON,,SNKEXP80V1,2025-02-06,89411896 09313,,,,,,,,,,,
22,FRUIT DRINK,SIPIT,MANGO SOFT DRINK POWDER,LOCAL,500G,BOX,,SMSPBOXV1,2025-02-13,89411896 07487,,,,,,,,,,,
22,FRUIT DRINK,SIPIT,ORANGE SOFT DRINK POWDER,LOCAL,500G,BOX,,SOSPBOXV1,2025-02-13,89411896 07449,,,,,,,,,,,
22,FRUIT DRINK,SIPIT,ORANGE SOFT DRINK POWDER,LOCAL,125G,BOX,,SOMPBOXV1,2025-02-13,89411896 07425,,,,,,,,,,,
22,FRUIT DRINK,SIPIT,ORANGE SOFT DRINK POWDER,LOCAL,250G,BOX,,SOQPBOXV1,2025-02-13,89411896 07432,,,,,,,,,,,
22,FRUIT DRINK,SIPIT,MANGO SOFT DRINK POWDER,LOCAL,125G,BOX,,SMMPBOXV1,2025-02-13,89411896 07463,,,,,,,,,,,
22,FRUIT DRINK,SIPIT,MANGO SOFT DRINK POWDER,LOCAL,250G,BOX,,SMQPBOXV1,2025-02-13,89411896 07470,,,,,,,,,,,
22,DAIRY,FARM FRESH,UHT CHOCOLATE FLAVORED MILK,LOCAL,200ML,BRICK,,FFUHTCFM2BRIV0,2025-02-06,89411896 09320,,,,,,,,,,,
22,DAIRY,FARM FRESH,UHT MANGO FLAVOURED MILK,LOCAL,200ML,BRICK,,FFUHTMFM2BRIV0,2025-02-06,89411896 09337,,,,,,,,,,,
22,DAIRY,FARM FRESH,UHT ELACHI  FLAVORED MILK,LOCAL,200ML,BRICK,,FFUHTEFM2BRIV0,2025-02-06,89411896 09344,,,,,,,,,,,
22,CONDIMENTS,AAFI,MUSTARD OIL,EXPORT,5000ML,MASTER CARTON,,AAMO5000EMCV3,2025-02-02,89411896 09283,,,,,,,,,,,
22,SNACKS,HAPPY BITE,SLICE CAKE VANILLA,LOCAL,70G,PILLOW,,HBSCVL70V0,2025-03-19,89411896 09412,PRINTO PACK SYNDICATE ,,,,,,,,,,
22,SNACKS,HAPPY BITE,MUFFIN CAKE VANILLA,LOCAL,17G,PILLOW,,HBMCVL17V0,2025-03-19,89411896 09450,PRINTO PACK SYNDICATE ,,,,,,,,,,
22,SNACKS,HAPPY BITE,MUFFIN CAKE CHOCOLATE,LOCAL,17G,PILLOW,,HBMCCL17V0,2025-03-19,89411896 09436,PRINTO PACK SYNDICATE ,,,,,,,,,,
22,DAIRY,FARM FRESH,POWDER MILK,LOCAL,10G,MASTER CARTON,,FFIPMMC10V0,2025-02-26,,,,,,,,,,,,
22,DAIRY,FARM FRESH,POWDER MILK,LOCAL,20G,MASTER CARTON,,FFIPMMC20V0,2025-02-26,,,,,,,,,,,,
22,DAIRY,FARM FRESH,POWDER MILK,LOCAL,50G,MASTER CARTON,,FFIPMMC50V0,2025-02-26,,,,,,,,,,,,
22,DAIRY,FARM FRESH,POWDER MILK,LOCAL,200G,MASTER CARTON,,FFIPMMC200V0,2025-02-26,,,,,,,,,,,,
22,DAIRY,FARM FRESH,POWDER MILK,LOCAL,500G,MASTER CARTON,,FFIPMMC500V0,2025-02-26,,,,,,,,,,,,
22,DAIRY,FARM FRESH,POWDER MILK,LOCAL,2000G,MASTER CARTON,,FFIPMMC2000V0,2025-02-26,,,,,,,,,,,,
22,CONDIMENTS,AAFI,MUSTARD OIL,EXPORT,200ML,MASTER CARTON,,AMOEXPCOM2MV3,2025-02-02,89411896 09351,,,,,,,,,,,
22,CONDIMENTS,AAFI,MUSTARD OIL,EXPORT,400ML,MASTER CARTON,,AMOEXPCOM4MV3,2025-02-02,89411896 09368,,,,,,,,,,,
22,CONDIMENTS,AAFI,MUSTARD OIL,EXPORT,1000ML,MASTER CARTON,,AMOEXPCOM10MV3,2025-02-02,89411896 09375,,,,,,,,,,,
22,BEVERAGE,MOJO,COLA,PROMOTIONAL,250ML,PET,,MJBBA25HGV0,2025-03-03,89411896 00044,,,,,,,,,,,
22,BAKERY,AKIJ,BUTTER COOCKIES,EXPORT,54G,PILLOW,,ACBPEXP54V0,2024-12-09,89411896 01461,,,,,,,,,,,
22,BAKERY,AKIJ,COCONUT COOCKIES,EXPORT,54G,PILLOW,,ACCNPEXP54V0,2024-12-09,89411896 01478,,,,,,,,,,,
22,DAIRY,MILK LAND,POWDER MILK,LOCAL,5G,SASSY,,MLPLS5V0,2025-03-03,89411896 09382,,,,,,,,,,,
22,SNACKS,OPOTATO,TANGY TOMATO,EXPORT ,20G,MASTER CARTON,,SNKEXP80V2,2025-03-04,89411896 09399,,,,,,,,,,,
22,SNACKS,OPOTATO,SPICY COCKTAIL,EXPORT,20G,MASTER CARTON,,SNKEXP80V2,2025-03-04,89411896 09405,,,,,,,,,,,
23,GRAINS,AKIJ,FLATTENED RICE,LOCAL,250G,PILLOW,,AFLARL250GPV0,2025-03-03,89411896 03519,PRINTO PACK SYNDICATE ,,,,,,,,,,
24,GRAINS,AKIJ,FLATTENED RICE,LOCAL,500G,PILLOW,,AFLARL500GPV0,2025-03-03,89411896 03526,PRINTO PACK SYNDICATE ,,,,,,,,,,
24,BEVERAGE,CLEAR UP,LEMON,COMMON,250ML,CAN,,CULCAN250V0,2025-01-23,89411896 00518,,,,,,,,,,,
24,SNACKS,AAFI,MANGO BAR (JAR),EXPORT,15G,PLASTIC JAR,,AMBJEXP15V1,2025-03-17,89411896 07142,,,,,,,,,,,
24,SNACKS,AKIJ WELL-BEING,DRIED FRUITS (PINEAPPLE),LOCAL,100G,STANDING POUCH,,AWDFPINSTDPV0,2025-03-13,89411896 01492,,,,,,,,,,,
24,DAIRY,FARM FRESH,POWDER MILK,LOCAL,1000G,MASTER CARTON,,FFIPMMC1K06PCSV0,2025-03-23,,,,,,,,,,,,
24,SNACKS,AAFI,MANGO BAR (JAR),COMMON,15G,MASTER CARTON,,AMBJEXPMC15V0,2024-10-24, 89411896 09443,,,,,,,,,,,
25,GRAINS,AKIJ,FLATTENED RICE,LOCAL,10KG,BAG,,AFLARL250G10KGMBV0,2025-03-03,89411896 09467,,,,,,,,,,,
26,GRAINS,AKIJ,FLATTENED RICE,LOCAL,10KG,BAG,,AFLARL500G10KGMBV0,2025-03-03,89411896 09474,,,,,,,,,,,
26,CONDIMENTS,AKIJ,WHITE SUGAR,LOCAL,25KG,BAG,,AKIJWS25KMBV0,2025-04-07,89411896 09481,,,,,,,,,,,
26,FRUIT DRINK,AAFI,MANGO FRUIT DRINK,EXPORT,250ML,PET,,EAMDQPV2,2025-04-08,89411896 05797,,,,,,,,,,,
26,FRUIT DRINK,AAFI,MANGO FRUIT DRINK,EXPORT,500ML,PET,,EAMDHPCOMV2,2025-04-08,89411896 05803,,,,,,,,,,,
26,FRUIT DRINK,AAFI,MANGO FRUIT DRINK,EXPORT,1000ML,PET,,EAMDOPCOMV2,2025-04-08,89411896 05810,,,,,,,,,,,
,SNACKS,KRANCHO,POTATO CRACKERS (TOM YUM),CP,15G,PILLOW,,KPCTOMYUM15CPV1,2025-02-05,89411896 00969,PRINTO PACK SYNDICATE ,AFBL FOOD PARK,,,,,,,,,
,CONDIMENTS,AAFI,GREEN MANGO CHUTNEY ,EXPORT,15G,MASTER CARTON,,AAFICHUTNEYMCV0,2025-04-15,89411896 0949,,,,,,,,,,,
,CONDIMENTS,AAFI,OLIVE CHUTNEY ,EXPORT,15G,MASTER CARTON,,AAFICHUTNEYMCV0,2025-04-15,89411896 0950,,,,,,,,,,,
,CONDIMENTS,AAFI,TAMARIND CHUTNEY ,EXPORT,15G,MASTER CARTON,,AAFICHUTNEYMCV0,2025-04-15,89411896 0951,,,,,,,,,,,
,CONDIMENTS,AAFI,MIXED CHUTNEY,EXPORT,15G,MASTER CARTON,,AAFICHUTNEYMCV0,2025-04-15,89411896 0952,,,,,,,,,,,
,PERSONAL CARE,AKIJ VENTURE,FACIAL TISSUE,LOCAL,120PCS,BOX,,AVFTB120PV0,2025-04-15,,,,,,,,,,,,
,BEVERAGE,AKIJ WELL-BEING,GREEN TEA WITH MINT,LOCAL,1.5G,PILLOW,,AKWBGWMTV1,2025-01-21,89411534 2001,,,,,,,,,,,
,BEVERAGE,AKIJ WELL-BEING,GREEN TEA WITH MINT,LOCAL,25PCS,BOX,,AKWBGWMTBOXV0,2025-01-21,89411534 2002,,,,,,,,,,,
,GRAINS,AKIJ,KATARI NAZIR RICE,LOCAL,20KG,BAG,,AKNRL20KGV0,2025-04-24,89411896 09542,,,,,,,,,,,
,GRAINS,AKIJ,MINICATE RICE,LOCAL,20KG,BAG,,AMRL20KGV0,2025-04-24,89411896 09559,,,,,,,,,,,
,CONDIMENTS,AKIJ,CHILLI POWDER,LOCAL,15G,POUCH,,ACPP15V0,2025-04-23,89411896 03533,,,,,,,,,,,
,CONDIMENTS,AKIJ,CHILLI POWDER,LOCAL,100G,POUCH,,ACPP100V0,2025-04-23,89411896 0354,,,,,,,,,,,
,GRAINS,AKIJ,KALIJEERA AROMATIC RICE,LOCAL,1000G,POUCH,,AKARL1KV0,2025-04-29,89411896 03557,,,,,,,,,,,
,GRAINS,AKIJ,KALIJEERA AROMATIC RICE,LOCAL,2000G,POUCH,,AKARL2KV0,2025-04-29,89411896 03564,,,,,,,,,,,
,BAKERY,AAFI,SWEET TOAST,EXPORT,320G,PILLOW,,EAST320B24V2,2024-04-17,89411896 02017,,,,,,,,,,,
,GRAINS,AKIJ,KALIJEERA AROMATIC RICE,LOCAL,40KG,BAG,,AKARMB40KV0,2025-05-04,89411896 03571,,,,,,,,,,,
